s,x,y,psi,kappa,v
0.0,6.0094464740663724,-9.12781337205754,2.900365,0.0,3.0
0.099625,5.910214029084353,-9.103411469409178,2.908912,0.0,3.0
0.199245,5.784809827217568,-9.075130710357236,3.00548,0.0,3.0
0.298848,5.670373830943805,-9.05988062416195,3.058317,0.0,3.0
0.398494,5.596606403824246,-9.054830639545779,2.9725,0.0,3.0
0.498058,5.527516866236388,-9.04453398557259,2.873244,0.0,3.0
0.597641,5.459549985188157,-9.027350977525995,2.774775,0.0,3.0
0.6972,5.415092923935431,-9.015480921697606,2.594461,0.0,3.0
0.796545,5.36749645451669,-8.990596120572812,2.441361,0.0,3.0
0.896139,5.316273841167716,-8.949998829036458,2.326898,0.0,3.0
0.995708,5.26931058131577,-8.902861978018416,2.216491,0.0,3.0
1.095241,5.230206873409014,-8.854915528328947,2.09046,0.0,3.0
1.19488,5.196110017934195,-8.799312763752777,1.975396,0.0,3.0
1.294397,5.170852804063774,-8.747974110923327,1.833649,0.0,3.0
1.393891,5.1522757623830735,-8.687323109763621,1.713025,0.0,3.0
1.493467,5.141164908364393,-8.627398006214744,1.58373,0.0,3.0
1.593048,5.138257797988578,-8.563071870091537,1.466052,0.0,3.0
1.692593,5.146287752429881,-8.48166690344914,1.40686,0.0,3.0
1.79218,5.160329246715464,-8.395293068785685,1.366583,0.0,3.0
1.891765,5.181936140187185,-8.290510126137454,1.391263,0.0,3.0
1.99134,5.194219859175723,-8.216970408885519,1.307752,0.0,3.0
2.090977,5.22030998755613,-8.120080893413837,1.310097,0.0,3.0
2.190615,5.240474821192261,-8.042125323113247,1.246325,0.0,3.0
2.290194,5.271403697821362,-7.950141035123659,1.237877,0.0,3.0
2.389837,5.302683175297591,-7.859608840666346,1.225014,0.0,3.0
2.489485,5.3330502939239866,-7.774859169088224,1.192931,0.0,3.0
2.58912,5.376333118796398,-7.664144148081945,1.257103,0.0,3.0
2.688708,5.412402958378591,-7.550962379628036,1.32115,0.0,3.0
2.788315,5.440433736971178,-7.439421563699229,1.372511,0.0,3.0
2.887945,5.4628972419919615,-7.3252522648807545,1.428297,0.0,3.0
2.987562,5.474576182241639,-7.241267122782136,1.378863,0.0,3.0
3.087201,5.4930172373066215,-7.14629625403874,1.369213,0.0,3.0
3.186805,5.51268997176211,-7.050017915952908,1.364762,0.0,3.0
3.286396,5.5377659896762275,-6.92251353254857,1.46609,0.0,3.0
3.385916,5.549635105829794,-6.802455590108862,1.536551,0.0,3.0
3.485424,5.552241857904099,-6.668552759251245,1.651488,0.0,3.0
3.585014,5.53721267627307,-6.524746685266621,1.801923,0.0,3.0
3.684568,5.506038021887503,-6.398883145938356,1.902435,0.0,3.0
3.784127,5.45251732567657,-6.257278502293568,2.075824,0.0,3.0
3.883476,5.369133870928599,-6.119610577604105,2.282205,0.0,3.0
3.982902,5.273814952179395,-6.01376890023332,2.425958,0.0,3.0
4.082465,5.154043132161365,-5.916321164465053,2.609524,0.0,3.0
4.181796,5.022037699526484,-5.84372841315125,2.78121,0.0,3.0
4.281346,4.894768174260858,-5.798040020509497,2.900342,0.0,3.0
4.380945,4.783536306521943,-5.771051453353358,2.949893,0.0,3.0
4.480582,4.680469506446786,-5.751096068630746,2.967706,0.0,3.0
4.580216,4.572262183408059,-5.732265165233579,3.001713,0.0,3.0
4.679849,4.452231609969129,-5.716141267448097,3.073351,0.0,3.0
4.779485,4.304558591207814,-5.7099409989066645,3.234434,0.0,3.0
4.879094,4.172794700100678,-5.724026403605979,3.344299,0.0,3.0
4.978738,4.045262901900385,-5.751864365453095,3.447418,0.0,3.0
5.078276,3.911268567190249,-5.7972544594246465,3.587557,0.0,3.0
5.177809,3.7932229170805924,-5.855604500587844,3.69488,0.0,3.0
5.277391,3.6763748464600217,-5.930821350930291,3.826456,0.0,3.0
5.37697,3.5823742838293646,-6.008684955731608,3.901456,0.0,3.0
5.476607,3.4919547292982522,-6.096179154347547,3.98883,0.0,3.0
5.576171,3.406447529120208,-6.195472342156773,4.093899,0.0,3.0
5.675755,3.333883639776198,-6.299589909901164,4.185087,0.0,3.0
5.775365,3.2704944965777782,-6.411190574320984,4.280998,0.0,3.0
5.874993,3.225654150349102,-6.50884972872543,4.307111,0.0,3.0
5.974635,3.1895286740691597,-6.593308993917257,4.281172,0.0,3.0
6.07428,3.1576789431023107,-6.664419221601393,4.20867,0.0,3.0
6.173847,3.123381489252772,-6.729059546431598,4.120554,0.0,3.0
6.273451,3.0814021847385566,-6.793096937800897,4.04368,0.0,3.0
6.373076,3.0317820361308034,-6.856850964454918,3.980844,0.0,3.0
6.472623,2.993056705610367,-6.903755121611851,3.851233,0.0,3.0
6.572129,2.9450764082285574,-6.947596288192215,3.735836,0.0,3.0
6.671746,2.869932941446464,-6.998528859639313,3.706365,0.0,3.0
6.771382,2.793767241950181,-7.046963072240368,3.675111,0.0,3.0
6.871019,2.716587311830202,-7.092738947839158,3.642098,0.0,3.0
6.970664,2.6347324729479813,-7.137586047202271,3.621062,0.0,3.0
7.070311,2.557389871171628,-7.178085490837438,3.579907,0.0,3.0
7.169957,2.4917617337915092,-7.210153000470329,3.491085,0.0,3.0
7.26939,2.449907938931887,-7.230459092095995,3.312957,0.0,3.0
7.368928,2.3905760381067997,-7.243295788490866,3.182971,0.0,3.0
7.468331,2.347167311677626,-7.250321402615284,2.996082,0.0,3.0
7.567738,2.303057206039163,-7.2491075247952015,2.809713,0.0,3.0
7.667215,2.258788370256836,-7.239104843658949,2.627489,0.0,3.0
7.766827,2.210589592967998,-7.216009932144468,2.472584,0.0,3.0
7.866218,2.186963855184274,-7.210236396253547,2.212056,0.0,3.0
7.965436,2.1630956093890275,-7.192351012455099,1.974467,0.0,3.0
8.064706,2.146169497183347,-7.183925901649712,1.687639,0.0,3.0
8.163938,2.135117505141121,-7.150598876644996,1.469775,0.0,3.0
8.263431,2.141377919844931,-7.077516039797613,1.382492,0.0,3.0
8.363026,2.1550693381852977,-7.001293293104525,1.308567,0.0,3.0
8.462669,2.1838643182097965,-6.893023253567997,1.349883,0.0,3.0
8.562259,2.2087390180922344,-6.780369558849547,1.402491,0.0,3.0
8.661893,2.226189537966586,-6.677441921166185,1.418367,0.0,3.0
8.761536,2.2375391497465476,-6.598992890697958,1.350383,0.0,3.0
8.861111,2.2589052138013925,-6.503608755408621,1.344292,0.0,3.0
8.960731,2.2814241235200523,-6.405893083377291,1.346483,0.0,3.0
9.060379,2.3009898594592557,-6.319254859092935,1.31038,0.0,3.0
9.160014,2.3284887432006616,-6.2156903924445865,1.335445,0.0,3.0
9.259659,2.3502189807086924,-6.124797786078084,1.314807,0.0,3.0
9.359298,2.3674580229688584,-6.054150242140285,1.224924,0.0,3.0
9.458932,2.3981701805984805,-5.968551371720014,1.195941,0.0,3.0
9.55857,2.432534189543363,-5.881068663023426,1.177117,0.0,3.0
9.658201,2.467302003087731,-5.797034606255948,1.14815,0.0,3.0
9.757823,2.4964363761354273,-5.7294897074941495,1.061138,0.0,3.0
9.857425,2.5360156174170885,-5.657619337316011,1.002586,0.0,3.0
9.957074,2.5940661750513674,-5.566476879775813,1.030625,0.0,3.0
10.056691,2.646979011737335,-5.478202936847725,1.041627,0.0,3.0
10.156303,2.7033637072552876,-5.381267831673089,1.083401,0.0,3.0
10.255949,2.759203026056634,-5.274353298913964,1.153357,0.0,3.0
10.355593,2.791333284168904,-5.200417793603819,1.089879,0.0,3.0
10.455214,2.836593432096479,-5.113662539063182,1.083983,0.0,3.0
10.554863,2.8844368628400416,-5.023249497041468,1.092788,0.0,3.0
10.654508,2.93323942187972,-4.9288922003355164,1.114744,0.0,3.0
10.75411,2.9770139288359108,-4.8396565515663,1.114052,0.0,3.0
10.85372,3.0130777057511464,-4.765189728667632,1.057782,0.0,3.0
10.953317,3.0559324691244476,-4.688635029966115,1.018226,0.0,3.0
11.052952,3.1173938835067414,-4.58789340458761,1.079509,0.0,3.0
11.152584,3.165171405547506,-4.498586300608687,1.085017,0.0,3.0
11.252226,3.210692383475574,-4.412352923281841,1.077911,0.0,3.0
11.351859,3.256293735148972,-4.327413587160185,1.067158,0.0,3.0
11.451473,3.289381962951711,-4.264538296072541,0.971755,0.0,3.0
11.551033,3.3335292905254876,-4.198660901539537,0.904168,0.0,3.0
11.650672,3.3828069859516092,-4.135038344883823,0.840235,0.0,3.0
11.750292,3.4332546195210085,-4.077403714560049,0.763391,0.0,3.0
11.849902,3.482709763737983,-4.0280327986285425,0.664077,0.0,3.0
11.949451,3.5426079158759025,-3.980050516885935,0.587982,0.0,3.0
12.049014,3.6115216347233523,-3.93356749885715,0.533154,0.0,3.0
12.148658,3.690885945572143,-3.8866228690686637,0.508369,0.0,3.0
12.248308,3.775561868920958,-3.839426637475621,0.49934,0.0,3.0
12.347922,3.838195740965281,-3.80381630551853,0.40729,0.0,3.0
12.447518,3.907557028990963,-3.7728751699967193,0.328366,0.0,3.0
12.547141,3.9809250210513576,-3.747037570516832,0.255494,0.0,3.0
12.646732,4.032683485885979,-3.7299783601788192,0.104247,0.0,3.0
12.746171,4.088640187678016,-3.721030754619909,-0.039096,0.0,3.0
12.845708,4.164309989556984,-3.7230402700697214,-0.118665,0.0,3.0
12.945231,4.241349646921872,-3.7314099422843183,-0.192182,0.0,3.0
13.044771,4.333114028572851,-3.7492033384151378,-0.2124,0.0,3.0
13.144406,4.4152366789599515,-3.766492066451842,-0.264805,0.0,3.0
13.244029,4.512301286806175,-3.792811266372923,-0.261651,0.0,3.0
13.343666,4.576315815435195,-3.8079674017738085,-0.374826,0.0,3.0
13.443232,4.644397107301483,-3.8334551140143653,-0.464549,0.0,3.0
13.542877,4.725304120736111,-3.8738409851105304,-0.495278,0.0,3.0
13.642513,4.80504122873475,-3.916757636982638,-0.525562,0.0,3.0
13.742157,4.89103978321875,-3.9666340239131546,-0.526323,0.0,3.0
13.841784,4.985018443740153,-4.021079841518725,-0.496372,0.0,3.0
13.941426,5.0786622836792725,-4.071709016432683,-0.473663,0.0,3.0
14.041001,5.182415185921831,-4.124363634604936,-0.417722,0.0,3.0
14.140636,5.288427919422076,-4.170940371651224,-0.363838,0.0,3.0
14.240264,5.380426207987932,-4.205970055748297,-0.367792,0.0,3.0
14.339901,5.49303935839964,-4.248590814308644,-0.298509,0.0,3.0
14.43955,5.592146354534183,-4.279058687537114,-0.285057,0.0,3.0
14.539165,5.6867238919876915,-4.306770578500269,-0.288593,0.0,3.0
14.638799,5.784119278374217,-4.335679733070715,-0.282054,0.0,3.0
14.738435,5.891067106218218,-4.366434972436241,-0.243224,0.0,3.0
14.838033,5.98884048820954,-4.39069427684075,-0.239426,0.0,3.0
14.93763,6.100943281365333,-4.417636733731112,-0.187075,0.0,3.0
15.037169,6.235347919262001,-4.440768349114855,-0.064024,0.0,3.0
15.136688,6.380633220762519,-4.446553667326912,0.089373,0.0,3.0
15.236071,6.52215165271317,-4.430764070581259,0.233135,0.0,3.0
15.335633,6.653806653296788,-4.397240146864159,0.354355,0.0,3.0
15.435239,6.773406294520504,-4.351553612124298,0.449214,0.0,3.0
15.534846,6.8726413933317,-4.303504055193837,0.484717,0.0,3.0
15.634478,6.976628822671189,-4.248117936507546,0.545368,0.0,3.0
15.734107,7.072884601539678,-4.189378485443305,0.589159,0.0,3.0
15.83375,7.158642534409924,-4.132038487663591,0.600892,0.0,3.0
15.933394,7.2475535052325855,-4.070958602572715,0.62831,0.0,3.0
16.033024,7.341001986668084,-4.002524413216596,0.682326,0.0,3.0
16.132651,7.432003263422833,-3.9278831062989426,0.742589,0.0,3.0
16.232274,7.523552619984795,-3.8423628827570675,0.8282,0.0,3.0
16.33183,7.603792500961751,-3.753973465975986,0.894317,0.0,3.0
16.431417,7.678079958728927,-3.6603876280986705,0.960689,0.0,3.0
16.531067,7.746309212057484,-3.561573146571582,1.028839,0.0,3.0
16.630704,7.8041528967620835,-3.4649592671095877,1.072085,0.0,3.0
16.730315,7.855742331575375,-3.369986075771938,1.100317,0.0,3.0
16.829954,7.910919846084894,-3.259373782459632,1.180298,0.0,3.0
16.929586,7.951668663311034,-3.1601251542020505,1.20582,0.0,3.0
17.029234,7.980142077307073,-3.0840243576088815,1.14446,0.0,3.0
17.128828,8.016532194449763,-3.0034039952981435,1.107313,0.0,3.0
17.228475,8.0553403155501,-2.925188123640165,1.066189,0.0,3.0
17.328095,8.091145644982934,-2.8583972441274947,0.98663,0.0,3.0
17.427701,8.129459567766977,-2.7980479224128745,0.892711,0.0,3.0
17.527241,8.173680764468209,-2.7411387943679633,0.800981,0.0,3.0
17.62689,8.220908891202432,-2.6902230009428445,0.700081,0.0,3.0
17.726533,8.284487897436955,-2.6360939193599466,0.646241,0.0,3.0
17.82613,8.342748912478966,-2.5907577728894453,0.560193,0.0,3.0
17.925761,8.419461097052052,-2.542483418560924,0.530209,0.0,3.0
18.02541,8.504371669010007,-2.492705804259835,0.526132,0.0,3.0
18.125047,8.569068871932307,-2.4539987207695546,0.445205,0.0,3.0
18.224655,8.637177908901583,-2.4204619770231153,0.366139,0.0,3.0
18.324301,8.700932097669497,-2.394323299470397,0.263423,0.0,3.0
18.423711,8.759560105029118,-2.3760045764337887,0.136302,0.0,3.0
18.523237,8.816122203854556,-2.365260282973701,-0.004256,0.0,3.0
18.622685,8.869014702015313,-2.361849399593703,-0.160121,0.0,3.0
18.722244,8.914428289383805,-2.364152927491347,-0.342326,0.0,3.0
18.821519,8.930931214062143,-2.3565810311341484,-0.634013,0.0,3.0
18.920312,8.942508512766729,-2.3455011032381154,-0.959849,0.0,3.0
19.019377,8.951447566751419,-2.3160909403460597,-1.3642,0.0,3.0
19.118425,8.965638218556574,-2.339170566456248,-1.611886,0.0,3.0
19.217779,8.968751985949922,-2.384332183747468,-1.79409,0.0,3.0
19.317361,8.951448210656674,-2.4632041775151134,-1.856917,0.0,3.0
19.417008,8.919614568632669,-2.572622725496448,-1.809206,0.0,3.0
19.51649,8.892270662054992,-2.6876041746904322,-1.74682,0.0,3.0
19.61614,8.875187561497798,-2.7836905873309608,-1.753672,0.0,3.0
19.715752,8.857481579808436,-2.8794755547489586,-1.761023,0.0,3.0
19.815348,8.835762734471597,-2.995160019596216,-1.700624,0.0,3.0
19.914958,8.822717487450145,-3.095092763185355,-1.696723,0.0,3.0
20.014526,8.812793511499374,-3.177242174657969,-1.752826,0.0,3.0
20.114151,8.792561507213872,-3.288933332054726,-1.706535,0.0,3.0
20.213756,8.786217592032555,-3.35180561705036,-1.828342,0.0,3.0
20.313263,8.771615984804242,-3.4150955516266412,-1.943883,0.0,3.0
20.412872,8.737115968352688,-3.5033439311794927,-1.960074,0.0,3.0
20.512506,8.702037408393624,-3.589073547849164,-1.983428,0.0,3.0
20.612147,8.66661164654812,-3.670488088006976,-2.019613,0.0,3.0
20.711767,8.62208854233019,-3.7629716182910298,-2.009535,0.0,3.0
20.811384,8.57771397151682,-3.857633878030555,-1.993101,0.0,3.0
20.911034,8.53718441737934,-3.947833672925488,-1.995643,0.0,3.0
21.010674,8.493142905022815,-4.045407180486779,-1.970935,0.0,3.0
21.110322,8.45186917873536,-4.143171854832752,-1.949361,0.0,3.0
21.209969,8.428170125349359,-4.207208839370797,-2.054168,0.0,3.0
21.30954,8.384066601209435,-4.2913054744389125,-2.069539,0.0,3.0
21.40918,8.32982237189162,-4.3916198851204244,-2.02152,0.0,3.0
21.508758,8.281891882427661,-4.491110979151436,-1.985323,0.0,3.0
21.608364,8.245292728236391,-4.574582752722164,-2.013537,0.0,3.0
21.708,8.20372593480577,-4.662279356490543,-2.022159,0.0,3.0
21.807649,8.1539125544326,-4.76594400939359,-1.970932,0.0,3.0
21.907251,8.11280900683533,-4.863283895239265,-1.950728,0.0,3.0
22.006846,8.074077765478595,-4.960384920913802,-1.934242,0.0,3.0
22.106447,8.043141809071082,-5.0423920989343225,-1.974097,0.0,3.0
22.205996,8.00788570427916,-5.125391225122984,-2.005343,0.0,3.0
22.305611,7.968224407478108,-5.210954464899105,-2.023033,0.0,3.0
22.405228,7.92162044491421,-5.307082348532151,-1.998987,0.0,3.0
22.504878,7.880676960329641,-5.39679090085461,-2.002454,0.0,3.0
22.604527,7.845443631483745,-5.474136991420551,-2.051331,0.0,3.0
22.704107,7.799705829828054,-5.561877989119098,-2.053441,0.0,3.0
22.803756,7.749465339664794,-5.658040884475383,-2.023947,0.0,3.0
22.903366,7.705253339662902,-5.748842503522888,-2.019334,0.0,3.0
23.002973,7.661457453812771,-5.839855644218493,-2.014685,0.0,3.0
23.102578,7.621397482001178,-5.924244900171156,-2.03532,0.0,3.0
23.202225,7.577167051784071,-6.012514681085441,-2.038373,0.0,3.0
23.301834,7.530430479911662,-6.105140334101015,-2.024572,0.0,3.0
23.401463,7.484213831431838,-6.200033933143387,-2.004837,0.0,3.0
23.501112,7.441186875375137,-6.2928899965837335,-1.995865,0.0,3.0
23.600762,7.399511864676211,-6.384963634509829,-1.991144,0.0,3.0
23.700412,7.358840866260102,-6.475952054979423,-1.991095,0.0,3.0
23.800062,7.318737573402113,-6.565690959561594,-1.99562,0.0,3.0
23.899711,7.275067926808122,-6.66239382300319,-1.974098,0.0,3.0
23.999344,7.241797154750341,-6.741209387271238,-2.021059,0.0,3.0
24.098945,7.205234485505139,-6.817692780198993,-2.070506,0.0,3.0
24.198575,7.165233302719073,-6.891792175521333,-2.121941,0.0,3.0
24.298222,7.1071579584906,-6.9867035265548365,-2.08319,0.0,3.0
24.397835,7.055882472451413,-7.077945250652036,-2.066358,0.0,3.0
24.497437,7.00632618347833,-7.169697583417936,-2.050765,0.0,3.0
24.597031,6.960876151772425,-7.257011929950257,-2.054627,0.0,3.0
24.696672,6.909605879153535,-7.355007453605215,-2.018099,0.0,3.0
24.796312,6.864477956285865,-7.449165748095361,-2.002183,0.0,3.0
24.895908,6.816091429380076,-7.555463090063998,-1.944837,0.0,3.0
24.995524,6.77462955715428,-7.662093200861949,-1.895512,0.0,3.0
25.095154,6.747957893652416,-7.7424891560517075,-1.945288,0.0,3.0
25.194731,6.713613730219492,-7.830011674066761,-1.963814,0.0,3.0
25.294332,6.677236337467912,-7.917843555876029,-1.978924,0.0,3.0
25.393958,6.635305226846213,-8.014974827513715,-1.95836,0.0,3.0
25.493594,6.593954528843005,-8.116730842326298,-1.92435,0.0,3.0
25.593241,6.558422551059046,-8.213052229348067,-1.914287,0.0,3.0
25.69289,6.526277521935311,-8.303010924004848,-1.928019,0.0,3.0
25.792536,6.489939924134717,-8.400458133901667,-1.913498,0.0,3.0
25.892115,6.456287096062356,-8.49478360469255,-1.9116,0.0,3.0
25.99176,6.424774299379722,-8.58378061019289,-1.929045,0.0,3.0
26.091405,6.392117968964087,-8.671193391314672,-1.950152,0.0,3.0
26.191049,6.35789762231888,-8.757250907211754,-1.973594,0.0,3.0
26.290672,6.319345936079429,-8.847735900933364,-1.977819,0.0,3.0
26.390319,6.290785165091117,-8.916637356773153,-2.061476,0.0,3.0
26.489954,6.249967106511325,-8.993593184004634,-2.103239,0.0,3.0
26.589579,6.22021268348344,-9.048630561112361,-2.227229,0.0,3.0
26.689016,6.202697652889561,-9.082067134187252,-2.436281,0.0,3.0
26.788369,6.185645751897424,-9.107436841852508,-2.671524,0.0,3.0
26.887856,6.173327980139256,-9.125920829819677,-2.941915,0.0,3.0
26.987177,6.147382483815299,-9.139896970015025,-3.181258,0.0,3.0
27.086705,6.047933483815299,-9.135949970015027,-3.181258,0.0,3.0
