x,y,d_left,d_right,psi
2.097262711783142,-0.977044564811629,1.6675317569824426,1.782955478574668,-0.18514357946343463
2.1954308639651874,-0.9954303261352433,1.6858699414906457,1.7645709083949186,-0.16388742005940538
2.2942906670241277,-1.0096272050762114,1.700038228558435,1.7503755216975299,-0.11424334073342646
2.3937723332961545,-1.0181886146985777,1.7085868243403566,1.7418148418750392,-0.06360584681904324
2.493546693984435,-1.0223181726543533,1.7127110808347232,1.737685469601586,-0.02356381198188018
2.5934088288613637,-1.0228936824117247,1.7181626943303263,1.7371099610211371,0.0075433574721546215
2.6932550714415804,-1.0208116723984877,1.7212224432862167,1.7391919992259648,0.028766559443247353
2.793059580399223,-1.017148832462569,1.7284798147344707,1.7428549505289088,0.03835994505850171
2.8928540065501505,-1.013151310475137,1.7411136549902648,1.7468526058917138,0.03461264655096952
2.992687016476513,-1.0102364379243605,1.7507725570417785,1.7497675336998242,0.01577836438819613
3.092560952089221,-1.009999999999855,1.7505387327074893,1.750003945957018,0.0011836586276245953
3.192438708870848,-1.009999999999855,1.7505411848778747,1.7500039128214329,-0.006846168007845321
3.292294366065243,-1.0113674298726023,1.7519111985895677,1.748636499698487,-0.017381473495122757
3.3921486819304087,-1.0134716032188638,1.754017764050991,1.746532347669391,-0.013377913227805793
3.492023800662608,-1.0140395523282246,1.7545880680736905,1.7459643722366394,0.0011369701725199022
3.5918975952381005,-1.0132444945645784,1.7537958308773955,1.7467594035116327,-0.005919053317508194
3.691747435039436,-1.0152217409749686,1.7557756329151903,1.7447821875355296,-0.03186278289197464
3.7915281395951665,-1.0196074327003894,1.7601648606816274,1.740396680818749,-0.04194829656581489
3.8913248683511776,-1.0235985883784802,1.764159277952238,1.736405678327422,-0.02568405056466494
3.991188757266195,-1.024736654015279,1.7652998226198846,1.7352676115665966,0.013480551775011618
4.090976301784318,-1.0209070138487792,1.7614761997046746,1.7390974089302884,0.07182843346395518
4.190274031043188,-1.0104120270667571,1.7510021132353544,1.7495937254378846,0.1448604226340633
4.288422793052818,-0.9921030700584296,1.7329044123004889,1.7679078012330725,0.22352250947863173
4.384839241119029,-0.9661832675048044,1.7126865638093844,1.793842665021204,0.30107593118046405
4.478976000996082,-0.9329333400007215,1.6905251138913926,1.8210433452799324,0.37691467664061684
4.570372726793019,-0.8927417692080958,1.6666830059754536,1.730309529789426,0.4511808782090059
4.658575736555949,-0.8459150546484456,1.6413184005551384,1.6414302949001487,0.5194126136664607
4.743667167897714,-0.7936551019705914,1.614079377826156,1.557067017983172,0.5794462692217971
4.825613063110105,-0.7366096168317803,1.5830162367094196,1.4743953931205793,0.6448999703046119
4.903159560411997,-0.673686835344944,1.5506496358785,1.397205692382218,0.7082919220396112
4.97724201619449,-0.6067298616087681,1.5171147826566438,1.3232212464597521,0.7606190267355422
5.047791295352036,-0.5360508819054851,1.4807528432250892,1.2522222670695653,0.8138089704977706
5.114346843521047,-0.461604488388526,1.4417734075474151,1.1858149453488809,0.8655753237618306
5.177214667794813,-0.38401220054708146,1.401664891499571,1.1235652866799384,0.9180908470242075
5.235601069447206,-0.3029948781143784,1.362372228950522,1.0651190422684182,0.9768085999266738
5.288933079689161,-0.21858837984615936,1.3236885361252562,1.0113447512820106,1.0381301875267859
5.336970430051585,-0.1310378554602215,1.2857349190204233,0.9630969545077899,1.096483575578994
5.380116092907182,-0.040983378915819664,1.2488906172370506,0.9198852725171646,1.1510602878531357
5.418328339960681,0.051274344869740585,1.2070721927179826,0.8816922081183902,1.210283274793999
5.450526472639213,0.1457871494575892,1.166257921146362,0.8495495997583599,1.282524846609412
5.47505647560423,0.24258006424421044,1.1252583625044927,0.8250698596886703,1.3611512363951819
5.492058184117754,0.340981164202667,1.084612319996834,0.8080982339340741,1.433855797704737
5.502305540433584,0.4403193341798114,1.0454399707055364,0.7978634994439323,1.4950586848826795
5.507165770357157,0.5400722388955491,1.008819539092329,0.7930065748948826,1.5398015196674546
5.508494702900592,0.6399392377249715,0.956636659552027,0.7916778297954197,1.5638793932120125
5.508547413491797,0.7398169788996479,0.9072305908925816,0.7916248047200747,1.5738635268585697
5.5078820465901055,0.8396831007056995,0.8658975722410062,0.7922899436104819,1.583713362366246
5.505967483210093,0.9395367039790355,0.8333230789879473,0.7942042694533574,1.5899173032787943
5.504062922542034,1.039393539190738,0.8118129586133893,0.7961085288946125,1.5826430243899348
5.503601199189117,1.1392694398612553,0.8036912504551387,0.7965698671724726,1.582939727772383
5.501637359425156,1.2391270318030527,0.8017294243144555,0.7985333798577564,1.5888266077981312
5.500000000001288,1.3389784149758222,0.8000941629029796,0.8001706115468902,1.5789940426907194
5.500000000001288,1.43885617175745,0.8000956837638484,0.8001702888185139,1.5707963267948966
5.500000000001288,1.5387339285390849,0.8000972168063201,0.8001699663955651,1.5707963267948966
5.500000000001288,1.6386116853207215,0.8000987620303244,0.8001696442780443,1.5707963267948966
5.500000000001288,1.7384894421023556,0.8001003194357911,0.8001693224659521,1.5707963267948966
5.500000000001288,1.8383671988839914,0.8001018890226488,0.8001690009592886,1.5707963267948966
5.500000000001288,1.9382449556656192,0.800103470790826,0.8001686797580544,1.5707963267948966
5.500000000001288,2.038122712447254,0.8001050647402503,0.8001683588622496,1.5707963267948966
5.500000000001288,2.13800046922889,0.800106670870849,0.8001680382718748,1.5707963267948966
5.500000000001288,2.2378782260105248,0.8001082891825487,0.8001677179869302,1.5707963267948966
5.500000000001288,2.3377559827921535,0.8001099196752756,0.8001673980074162,1.5707963267948966
5.500000000001288,2.4376337395737884,0.800111562348955,0.8001670783333332,1.5707963267948966
5.500000000001288,2.5375114963554233,0.8001132172035119,0.8001667589646817,1.5707963267948966
5.500000000001288,2.637389253137058,0.8001148842388709,0.8001664399014617,1.5707963267948966
5.500000000001288,2.737267009918694,0.8001165634549559,0.800166121143674,1.5707963267948966
5.500000000001288,2.837144766700322,0.80011825485169,0.8001658026913189,1.5707963267948966
5.500000000001288,2.9370225234819576,0.800119958428996,0.8001654845443964,1.5707963267948966
5.500000000001288,3.0369002802635934,0.8001216741867961,0.800165166702907,1.5707963267948966
5.500000000001288,3.1367780370452265,0.8001234021250121,0.8001648491668514,1.5707963267948966
5.500000000001288,3.2366557938268623,0.8001251422435649,0.8001645319362296,1.5707963267948966
5.500000000001288,3.33653355060849,0.8001268945423753,0.8001642150110423,1.5707963267948966
5.500000000001288,3.436411307390125,0.8001286590213628,0.8001638983912893,1.5707963267948966
5.500000000001288,3.536289064171761,0.8001304356804472,0.8001635820769714,1.5707963267948966
5.500000000001288,3.6361668209533957,0.7822453224905311,0.800163266068089,1.5707963267948966
5.500000000001288,3.7360445777350253,0.7632728070661523,0.8001629503646422,1.5707963267948966
5.500000000001288,3.8359223345166593,0.7558688280082629,0.8001626349666316,1.5707963267948966
5.500000000001288,3.935800091298296,0.7500229614755888,0.8001623198740574,1.5707963267948966
5.500000000001288,4.03567784807993,0.7500221953836165,0.80016200508692,1.5707963267948966
5.500000000001288,4.135555604861567,0.7500214422888627,0.8001616906052198,1.5707963267948966
5.500000000001288,4.235433361643196,0.7500207021913666,0.8001613764289572,1.5707963267948966
5.500000000001288,4.335311118424828,0.7500199750911669,0.8001610625581326,1.5707963267948966
5.500000000001288,4.435188875206464,0.7500192609883013,0.8001607489927459,1.5707963267948966
5.500000000001288,4.535066631988094,0.7500185598828067,0.8001604357327982,1.5707963267948966
5.500000000001288,4.634944388769732,0.7500178717747199,0.8001601227782892,1.5707963267948966
5.500000000001288,4.734822145551368,0.7500171966640763,0.8001598101292197,1.5707963267948966
5.500000000001288,4.834699902332998,0.7500165345509113,0.8001594977855897,1.5707963267948966
5.500000000001288,4.934577659114634,0.7500158854352593,0.8001591857474,1.5707963267948966
5.500000000001288,5.034455415896264,0.7500152493171538,0.8001588740146507,1.5707963267948966
5.500000000001288,5.1343331726779,0.7500146261966281,0.8001585625873417,1.5707963267948966
5.500000000001288,5.2342109294595325,0.7500140160737145,0.8001582514654744,1.5707963267948966
5.500000000001288,5.3340886862411665,0.7500134189484448,0.8001579406490483,1.5707963267948966
5.500000000001288,5.433966443022802,0.7500128348208499,0.8001576301380642,1.5707963267948966
5.500000000001288,5.533844199804436,0.7500122636909604,0.8001573199325219,1.5707963267948966
5.500000000001288,5.633721956586074,0.7500117055588058,0.8001570100324225,1.5707963267948966
5.500000000001288,5.7335997133677115,0.7500111604244151,0.8001567004377658,1.5707963267948966
5.500000000001288,5.833477470149349,0.7500106282878168,0.8001563911485523,1.5707963267948966
5.500000000001288,5.933355226930983,0.7500101091490384,0.8001560821647826,1.5707963267948966
5.500000000001288,6.033232983712617,0.750009603008107,0.800155773486457,1.5707963267948966
5.500000000001288,6.133110740494251,0.750009109865049,0.8001554651135754,1.5707963267948966
5.500000000001288,6.232988497275887,0.7500086297198898,0.8001551570461385,1.5707963267948966
5.500000000001288,6.3328662540575245,0.7500081625726545,0.8001548492841467,1.5707963267948966
5.500000000001288,6.432744010839157,0.7500077084233673,0.8001545418276004,1.5707963267948966
5.500000000001288,6.5326217676207925,0.750007267272052,0.8001542346764995,1.5707963267948966
5.500000000001288,6.6324995244024265,0.7500068391187313,0.800153927830845,1.5707963267948966
5.500000000001288,6.7323772811840605,0.7500064239634278,0.8001536212906368,1.5707963267948966
5.500000000001288,6.832255037965691,0.7500060218061626,0.8001533150558756,1.5707963267948966
5.500000000001288,6.932132794747327,0.7500056326469571,0.8001530091265612,1.5639996550000315
5.501357544452275,7.031988611704023,0.7513627097666964,0.7987958482123816,1.5345387706769285
5.507238526227724,7.131687171154857,0.757242679863206,0.79291924998871,1.5032001369976884
5.514849050327083,7.231274266536723,0.7648519848433545,0.7853158424139867,1.498316923774568
5.521703722997805,7.33091422685813,0.7783838790077037,0.7784672458152234,1.51608527434798
5.525770728843378,7.4306997677661055,0.8015237319377587,0.7744027549532418,1.5548548515637477
5.524886483685295,7.530550146648943,0.8314371663695388,0.775287050570268,1.6157667957749855
5.516799595851477,7.630054695792014,0.8652755284598279,0.7833797155716365,1.700380351330563
5.4991182358548665,7.728289432485809,0.9001737374151981,0.8010928191638602,1.8067360358266311
5.470218464450607,7.823805693869316,0.9267456410769752,0.8300928912233265,1.9328376631817643
5.428596502995846,7.914492703840097,0.9383386029675711,0.8719875073774731,2.0810311167690534
5.373076343554328,7.997376977432475,0.9441255792418028,0.79275428244277,2.243591605401642
5.304698849352193,8.069984002034989,0.9439792786377058,0.7202180568979227,2.406348660973544
5.225606996343694,8.130749129903142,0.910741998052028,0.6603353459592012,2.559316037404859
5.13851011173829,8.179407180376732,0.8711023308020709,0.612577245546003,2.6944291770748716
5.046012275079287,8.216875832887151,0.8296408319299658,0.5746539773838569,2.8077858405774156
4.950152303595642,8.244726632359674,0.7813214929927961,0.546589004022048,2.899545527954147
4.852325957152368,8.264694566336933,0.7320789512706318,0.5265283664773461,2.9720125009407528
4.753413686322986,8.278413130232039,0.6870065729711634,0.512776965420007,3.0278157711580387
4.653945417289642,8.28736358840273,0.6377304393914722,0.503820509022094,3.068679591933185
4.554226957593622,8.292962236148771,0.5891487418817639,0.49822523378555345,3.0934727069140795
4.454429903736846,8.296971681361061,0.5476037101074152,0.4942209004003118,3.1083575087770345
4.354599293047032,8.299599334392514,0.5207466158891978,0.4915974235675519,3.126743596056132
4.254730875224781,8.299937241691314,0.5099895230415578,0.4912607789387689,3.1442805339159303
4.1548622737133565,8.299062463894936,0.5091163939972284,0.49213387882765897,3.16259669139561
4.055043798321315,8.295742389880186,0.5057990136886951,0.4954429168574879,3.1797420255473092
3.955260154150925,8.291444072162374,0.5015041286451424,0.49972566708414307,3.1870311528960507
3.855496610198626,8.28666901978507,0.4967330263880135,0.5044829802946127,3.1690650109028393
3.7556268687448777,8.285958295050396,0.4960241209648948,0.505192598426461,3.141016501021389
3.655753247236842,8.286784102449396,0.49685150269120437,0.5043694526842115,3.1273932883237956
3.5558962681250033,8.28879453342195,0.4988636369163171,0.502363289315235,3.1164044946293035
3.456064579701879,8.291814956325476,0.5018860604539598,0.5065196755700869,3.107161730629914
3.3562615399738727,8.295670858849952,0.5057443479606625,0.519632019280252,3.099663008192252
3.2564861435942802,8.300188116893382,0.5102643927554084,0.5417042983082605,3.0939049005350228
3.1567339460030848,8.305193100819414,0.5152725249870269,0.53672623842701,3.0898836565301235
3.0569979778374865,8.310512653496104,0.5205955014324277,0.531436678886476,3.08759605521581
2.957269647867063,8.315973974141686,0.5260604017002591,0.5260071822857565,3.087040003777658
2.857539636497578,8.32140444131059,0.5314944650509194,0.5206089722508115,3.088214883100801
2.7577987843222864,8.326631407709842,0.5367249010804339,0.515413202097293,3.09112164398574
2.6580389813269676,8.331481999178234,0.541578706649167,0.5105912359518248,3.095762655036552
2.5582540622040617,8.335782950198872,0.5458825209850741,0.5063149114632505,3.1021413008349827
2.458440711799116,8.33936050873781,0.5494625510020306,0.5027567502047783,3.110261327057663
2.358599381966017,8.34204044387353,0.5521445995446349,0.5000900780631249,3.1201259284380276
2.2587352169968296,8.343648190343155,0.5537542303747338,0.49848901394862344,3.131736576713363
2.158858979278023,8.344009164386813,0.5541171050259912,0.4981282820428082,3.1450915897452205
2.0589879599215513,8.342949284591294,0.5530595278785141,0.4991828018887439,3.160184450665236
1.9591468509476087,8.340295729157813,0.5504092366337484,0.5018270134964476,3.156359114378928
1.8592738735644883,8.340000000000721,0.5501156815246929,0.5021204955889046,3.1430731434726633
1.7593961167828542,8.340000000000721,0.550117715135647,0.502119060312588,3.141592653589793
1.6595183600012167,8.340000000000721,0.5501197664602784,0.5021176255191031,3.141592653589793
1.5596406032195826,8.340000000000721,0.5501218354983889,0.5021161912084537,3.141592653589793
1.459762846437945,8.340000000000721,0.5501239222497788,0.502114757380644,3.141592653589793
1.359885089656311,8.340000000000721,0.5501260267142465,0.5021133240356783,3.128733149491641
1.2600447952123828,8.34256841667748,0.5526967761202708,0.49955778401493106,3.121974233301006
1.1601774018593989,8.343918452082155,0.554048854923506,0.49821302285593494,3.1353530769715947
1.0603006797405496,8.343814751564278,0.5539473527221032,0.4983149310648624,3.149038586465089
0.9604332582846492,8.342431143110343,0.5525664794070454,0.4996921544332964,3.1609810401532883
0.8605870715127422,8.339942141663478,0.5513223923786132,0.502172092210843,3.1711774765977685
0.7607682602839733,8.336522365473982,0.5547956367477657,0.5055815127835015,3.179628577122111
0.6609780956041159,8.332346166453952,0.5751150180789057,0.5097469845486386,3.1863371570657613
0.5612139054348375,8.32758744137085,0.5876391457297887,0.5144951426401748,3.1913069138675745
0.4614699947412122,8.322419589582058,0.582468686487356,0.5196528168372464,3.1945414354237336
0.36173855445037906,8.317015583022647,0.5770619802594728,0.5250470491594449,3.196043466922572
0.2620105595227,8.311548114736974,0.5715918285357868,0.5305050315921054,3.1958144322169675
0.16227665948376643,8.306189792950327,0.5662309437845051,0.5358539954815993,3.1938542059356347
0.06252806658134363,8.301113348205357,0.5611521451884228,0.5409210847974235,3.190161134153535
-0.037242552742600805,8.29649182126334,0.5565285375536483,0.545533246032518,3.184732303767264
-0.13704017812474617,8.292498699240678,0.5525336403898478,0.5495171682719725,3.1775640629992203
-0.2368665244016065,8.289307966885866,0.549341433148438,0.5526993080595555,3.1686527969326033
-0.33671912006400573,8.287094039194972,0.5471262817936412,0.5549060351763508,3.157995961880613
-0.4365903802972988,8.286031541038286,0.5460627118586332,0.5559639372625528,3.1455933799122526
-0.5364666860336434,8.28629489958632,0.5463249946160474,0.5557003232383062,3.1314487891762406
-0.6363274879655327,8.288057716673768,0.5480865167129334,0.5539439675682434,3.123042244292873
-0.7361752395480092,8.290000000000717,0.5500273982946361,0.5520099522357369,3.1318681966667734
-0.8360529963296472,8.290000000000717,0.5500264216611136,0.5520086193131009,3.141592653589793
-0.935930753111283,8.290000000000717,0.5500254627500903,0.5520072868301715,3.141592653589793
-1.035808509892917,8.290000000000717,0.5500245215616589,0.5520059547869531,3.141592653589793
-1.135686266674551,8.290000000000717,0.5500235980959104,0.5520046231834482,3.141592653589793
-1.2355640234561829,8.290000000000717,0.5500226923529339,0.5520032920196599,3.141592653589793
-1.3354417802378173,8.290000000000717,0.5500218043328171,0.5520019612955916,3.141592653589793
-1.435319537019454,8.290000000000717,0.5500209340356459,0.5520006310112457,3.141592653589793
-1.535197293801092,8.290000000000717,0.5500200814615043,0.5519993011666264,3.141592653589793
-1.6350750505827247,8.290000000000717,0.5500192466104746,0.5519979717617365,3.141592653589793
-1.7349528073643588,8.290000000000717,0.5500184294826378,0.5519966427965791,3.141592653589793
-1.834830564145994,8.290000000000717,0.5500176300780728,0.5519953142711578,3.141592653589793
-1.9347083209276277,8.290000000000717,0.5500168483968566,0.5519939861854749,3.141592653589793
-2.0345860777092626,8.290000000000717,0.5500160844390652,0.5519926585395347,3.141592653589793
-2.134463834490893,8.290000000000717,0.5500153382047722,0.5519913313333396,3.141592653589793
-2.234341591272529,8.290000000000717,0.5500146096940498,0.5519900045668928,3.141592653589793
-2.334219348054162,8.290000000000717,0.5500138989069684,0.5519886782401977,3.141592653589793
-2.4340971048358018,8.290000000000717,0.5500132058435967,0.5519873523532566,3.141592653589793
-2.5339748616174362,8.290000000000717,0.5500125305040018,0.5519860269060743,3.141592653589793
-2.633852618399068,8.290000000000717,0.5500118728882487,0.551984701898653,3.141592653589793
-2.733730375180704,8.290000000000717,0.5500112329964014,0.551983377330996,3.141592653589793
-2.833608131962336,8.290000000000717,0.5500106108285214,0.5519820532031066,3.141592653589793
-2.9334858887439705,8.290000000000717,0.5500100063846691,0.5519807295149876,3.141592653589793
-3.033363645525603,8.290000000000717,0.5500094196649028,0.5519794062666424,3.141592653589793
-3.133241402307238,8.290000000000717,0.5500088506692792,0.551978083458074,3.141592653589793
-3.233119159088874,8.290000000000717,0.5500082993978535,0.5519767610892858,3.141592653589793
-3.332996915870505,8.290000000000717,0.5500077658506787,0.5519754391602811,3.141592653589793
-3.4328746726521406,8.290000000000717,0.5500072500278066,0.5519741176710625,3.141592653589793
-3.5327524294337724,8.290000000000717,0.5500067519292869,0.5519727966216339,3.141592653589793
-3.6326301862154096,8.290000000000717,0.550006271555168,0.5519714760119976,3.141592653589793
-3.732507942997044,8.290000000000717,0.5500058089054962,0.5519701558421571,3.141592653589793
-3.8323856997786803,8.290000000000717,0.5500053639803162,0.5519688361121158,3.141592653589793
-3.9322634565603156,8.290000000000717,0.550004936779671,0.5519675168218767,3.141592653589793
-4.032141213341947,8.290000000000717,0.5500045273036019,0.5519661979714434,3.141592653589793
-4.1320189701235845,8.290000000000717,0.5500041355521487,0.5519648795608181,3.141592653589793
-4.231896726905215,8.290000000000717,0.5500037615253489,0.5519635615900048,3.141592653589793
-4.331774483686851,8.290000000000717,0.550003405223239,0.5519622440590063,3.141592653589793
-4.431652240468481,8.290000000000717,0.5500030666458532,0.5519609269678256,3.141592653589793
-4.531529997250116,8.290000000000717,0.5500027457932244,0.5519596103164661,3.141592653589793
-4.63140775403175,8.290000000000717,0.5500024426653836,0.5519582941049309,3.141592653589793
-4.731285510813386,8.290000000000717,0.55000215726236,0.5519569783332228,3.136551016337533
-4.831146992716195,8.291007021319412,0.5510088651065735,0.550953587762637,3.125090585407303
-4.930996867158018,8.29329594960778,0.553297474053111,0.548673875324735,3.1146899027600647
-5.030821954325465,8.29638012339628,0.5563813065491359,0.5456039908400739,3.1054627356351
-5.13061031373703,8.30051110681417,0.5695267613712329,0.5414944818799371,3.095745577998483
-5.230361463736299,8.305534841533213,0.6000874099757509,0.5364991704923888,3.0977433347616237
-5.330166187874788,8.309267108587477,0.6310254789958143,0.532786183504828,3.1199879396836274
-5.430031317696103,8.309849322905633,0.6581069772736171,0.5322059511804705,3.1612006336040874
-5.529788095400318,8.30535242450482,0.6939862867875242,0.5366948107329694,3.222123158817066
-5.628961965279212,8.293794616544462,0.7282680427786742,0.5482686837394495,3.305388902008257
-5.726555128862569,8.272831362940478,0.7609974524300891,0.5693498793089344,3.4157259623640392
-5.820723725622512,8.239868686469782,0.7936073330451362,0.6017699501015376,3.556767654981506
-5.908528860441037,8.192617758638029,0.8224931805194372,0.6481886046491717,3.727270846848609
-5.986191240970101,8.130111705136619,0.8333027975678761,0.7099604551777625,3.922113104193643
-6.049451258307457,8.053063456409932,0.8355424600506794,0.7015212813741283,4.11853458178512
-6.097281611019196,7.965570543778102,0.8310326080795257,0.654577241603278,4.291059362387726
-6.130777387138391,7.871600078793966,0.8202667084875171,0.6208320830915628,4.433075306123192
-6.152192927189723,7.7741161003883255,0.7891414209455204,0.5993015078408085,4.544468331645625
-6.164105816353802,7.674991851768261,0.7602982821290832,0.587366257949111,4.628801683185548
-6.1688543805034115,7.575250576929612,0.7367136162196125,0.5826210842763845,4.69080249714562
-6.1684152722661745,7.475386085705729,0.7104022974602866,0.5830592498285868,-1.549406480438435
-6.16458292905929,7.37558574903012,0.6793360046018492,0.5868776051135326,-1.5254978197522395
-6.159370140953232,7.275844327638946,0.6606477576533415,0.5920691114463437,-1.522813544975362
-6.155002042199119,7.176065576894586,0.6563005656950224,0.5964209082385251,-1.5433488656218906
-6.1538890603959215,7.076200942082149,0.6551968441455676,0.5975314128833001,-1.558180621140946
-6.152482159491489,6.976334456774437,0.6537997286892702,0.5989352772070687,-1.5513250354453394
-6.149999999999432,6.876493135022544,0.6513312141653287,0.601410162838862,-1.5583687123538437
-6.149999999999432,6.776615378240908,0.6513375310628666,0.6014112331978724,-1.5707963267948966
-6.149999999999432,6.676737621459273,0.6513438628663202,0.601412303961518,-1.5707963267948966
-6.149999999999432,6.576859864677637,0.6513502095752541,0.6014133751297968,-1.5707963267948966
-6.149999999999432,6.476982107896001,0.6513565711892325,0.601414446702706,-1.5707963267948966
-6.149999999999432,6.377104351114365,0.6513629477078196,0.6014155186802441,-1.5707963267948966
-6.149999999999432,6.2772265943327294,0.6513693391305764,0.6014165910624086,-1.5707963267948966
-6.149999999999432,6.177348837551094,0.6513757454570652,0.6014176638491976,-1.5707963267948966
-6.149999999999432,6.077471080769456,0.6513821666868457,0.6014187370406086,-1.5707963267948966
-6.149999999999432,5.97759332398782,0.6513886028194774,0.6014198106366396,-1.5707963267948966
-6.149999999999432,5.8777155672061845,0.6513950538545186,0.6014208846372887,-1.5707963267948966
-6.149999999999432,5.777837810424549,0.6514015197915263,0.6014219590425529,-1.5707963267948966
-6.149999999999432,5.677960053642913,0.6514080006300572,0.6014230338524311,-1.5707963267948966
-6.149999999999432,5.578082296861277,0.6514144963696658,0.6014241090669203,-1.5707963267948966
-6.149999999999432,5.478204540079641,0.6514210070099072,0.6014251846860189,-1.5707963267948966
-6.149999999999432,5.378326783298004,0.6514275325503336,0.6014262607097245,-1.5707963267948966
-6.149999999999432,5.278449026516368,0.6514340729904982,0.6014273371380348,-1.5707963267948966
-6.149999999999432,5.178571269734732,0.6514406283299521,0.6014284139709478,-1.5707963267948966
-6.149999999999432,5.078693512953096,0.6514471985682447,0.6014294912084611,-1.5707963267948966
-6.149999999999432,4.9788157561714605,0.6514537837049263,0.6014305688505728,-1.5707963267948966
-6.149999999999432,4.878937999389825,0.6514603837395442,0.6014316468972806,-1.5707963267948966
-6.149999999999432,4.779060242608189,0.651466998671646,0.6014327253485823,-1.5707963267948966
-6.149999999999432,4.679182485826553,0.6514736285007784,0.6014338042044757,-1.5707963267948966
-6.149999999999432,4.579304729044916,0.6514802732264857,0.6014348834649589,-1.5707963267948966
-6.149999999999432,4.47942697226328,0.6514869328483125,0.6014359631300293,-1.5707963267948966
-6.149999999999432,4.379549215481644,0.651493607365802,0.601437043199685,-1.5707963267948966
-6.149999999999432,4.279671458700008,0.6515002967784966,0.6014381236739238,4.703081438626898
-6.151859016421577,4.179822715423273,0.6533636969262514,0.5995826389526875,4.693980604030932
-6.153676727651136,4.079962790057433,0.6551851285854832,0.5977691589806501,4.701725900826649
-6.153988899878089,3.9800865396940863,0.655503385030797,0.597458725099238,-1.5672537643958195
-6.152969104862132,3.8802147689575404,0.6553098568004883,0.5984767237071076,-1.5547899919200283
-6.150791758101256,3.780361321003093,0.6690399633548687,0.6006482291589027,-1.5440719303718544
-6.147631485346119,3.6805339726711095,0.696032624408176,0.6037985723589827,-1.5350994687735002
-6.143662709982068,3.5807353551207854,0.6940909225474448,0.6077536730186276,-1.5278700995736543
-6.139059428457827,3.480963880809943,0.6894977789071697,0.6123401751520382,-1.5223802188393503
-6.13399513956052,3.381214665239788,0.6844449340691688,0.6173854270372794,-1.5186261663078384
-6.128642893204333,3.281480438089043,0.6791051266539897,0.6227173459930215,-1.516605006557302
-6.123175424918661,3.181752443161367,0.6736506970881546,0.6281642060493954,-1.5163150550811895
-6.1177653429287915,3.082021329982339,0.668253798184553,0.6335543838569473,-1.5177561531813213
-6.112585335292336,2.982278041956449,0.6630866318048435,0.6387160956565591,-1.520929694136207
-6.107808364791455,2.8825147067740695,0.6583216804244597,0.643477156237849,-1.525838400828925
-6.103607819112816,2.78272553426239,0.654131901161645,0.6476647897235054,-1.5324858526874845
-6.1001575833236465,2.6829077250887483,0.6506908480498118,0.6511055217212268,-1.5408757581529713
-6.097632000946759,2.5830623906088857,0.6481726863704791,0.6536251827183082,-1.5510109687186202
-6.096205689352098,2.4831954796562394,0.6467520612758955,0.6550490532660076,-1.5628922326794612
-6.096053175155301,2.383318702164386,0.6466037824800962,0.6552021821127157,4.706668615262659
-6.097348316417867,2.2834504322453597,0.6479022884117841,0.6539099085061336,4.692628532318209
-6.099999999999426,2.1836111294956893,0.6505573772842649,0.6512619277785103,4.699112559293102
-6.099999999999426,2.0837333727140535,0.6505614710514175,0.6512629008958919,-1.5707963267948966
-6.099999999999426,1.9838556159324168,0.6505655797778932,0.6512638743872406,-1.5707963267948966
-6.099999999999426,1.88397785915078,0.6505697034634085,0.6512648482525547,-1.5707963267948966
-6.099999999999426,1.7841001023691452,0.6505738421076793,0.6512658224918324,-1.5707963267948966
-6.099999999999426,1.6842223455875103,0.6505779957104195,0.6512667971050722,-1.5707963267948966
-6.099999999999426,1.5843445888058727,0.6505821642713426,0.6512677720922725,-1.5707963267948966
-6.099999999999426,1.484466832024237,0.6505863477901614,0.6512687474534314,-1.5707963267948966
-6.099999999999426,1.384589075242602,0.6505905462665875,0.6512697231885475,-1.5707963267948966
-6.099999999999426,1.2847113184609662,0.6505947597003312,0.6512706992976187,-1.5707963267948966
-6.099999999999426,1.1848335616793304,0.6505989880911015,0.6512716757806437,4.703697004469754
-6.101736074375075,1.0849833541843505,0.6523388839211727,0.6495382543562616,4.685519974557268
-6.105365822109295,0.9851785834209521,0.6559726583201372,0.6459120595700513,4.6733698350402175
-6.1095279246099725,0.8853917071331183,0.663400651931138,0.6417534877969587,4.661861290251218
-6.115454106088117,0.7856900019857137,0.6871431735306882,0.6358290432211493,4.666533076520048
-6.118682750068818,0.685888328595132,0.7215410416778533,0.6326030931286121,4.698098365415444
-6.118307778993267,0.5860149951350756,0.764357462915652,0.6329780167338804,-1.5472731825446484
-6.113985543783716,0.4862407040354879,0.8139177763181099,0.6372859800633226,-1.5014494361694721
-6.104472588428346,0.3868279002728282,0.8530274935407621,0.6467524366921044,-1.444436676926872
-6.08882715470704,0.28820005556094785,0.8915781505338302,0.6622959396283374,-1.3822229342850307
-6.067053653425331,0.19075388743289137,0.9337704706684924,0.6839017781053327,-1.3133008193387745
-6.038012998742008,0.09524095829203244,0.9778566884686305,0.7126962860263143,-1.2319268215592722
-6.00074665409597,0.002630476759012332,1.022312784202112,0.7496550085982242,-1.1416493866692061
-5.955016773739534,-0.08613629472711241,1.066286288345571,0.795096851458798,-1.039999650437509
-5.899824389220801,-0.16930203071676644,1.1079370731676075,0.8501818415018646,-0.922092203879183
-5.834671219228891,-0.24486966954637066,1.145643006056248,0.9157432751711873,-0.7954702506507538
-5.760416272660123,-0.3115470784567631,1.1787499509286465,0.990356983598164,-0.6693903511430976
-5.678497971860182,-0.3684436800361167,1.1997941846661302,1.0715088999835989,-0.5349167071811483
-5.589241330211072,-0.4129752079419285,1.2066401277855194,1.1614717788558229,-0.39703187204773105
-5.494865117831733,-0.4454407338262305,1.202164639135365,1.25541889411673,-0.27858729612643085
-5.397623508487504,-0.46778277760367315,1.1954424686546414,1.252069673152924,-0.16308248352527732
-5.2983238364,-0.4777803844116764,1.1845131268308768,1.2537097600250096,-0.04538087544637781
-5.1984913847091505,-0.4768257763518145,1.1709811449377652,1.2740328778170722,0.04519991567397419
-5.098986980318914,-0.4687642343941722,1.1587646176912372,1.2913071629173392,0.1250734816926098
-5.00056331868296,-0.4519403243177675,1.1272258051023605,1.308116013795107,0.1995582332827619
-4.903317542605851,-0.4291900598673848,1.084667721671973,1.3308440198790477,0.23090891123722157
-4.806118283601715,-0.40622584793187705,1.0497042293434304,1.331847925688105,0.24258441412967557
-4.709424772092777,-0.3812098149157487,1.0212724361845253,1.3228348102277026,0.23172831056965193
-4.611758979725424,-0.3603634341706025,1.0004039070603037,1.3054430803686772,0.1939643126831334
-4.513455873245207,-0.3427148727500045,0.9885556138078198,1.28177301343942,0.1650373629099504
-4.414741335172574,-0.32754969977416837,0.9892396884064254,1.2608775210217151,0.1600705362276329
-4.316282464302111,-0.3108808641053122,0.9946287726024863,1.2393836027613705,0.18306901517865226
-4.218364786543469,-0.29119216264751235,0.9814663465018482,1.2165638929982798,0.18699485444199415
-4.120029511847331,-0.2737487591645772,0.9639898075088795,1.1993719965089502,0.17970894417193706
-4.021849275152825,-0.255491415406326,0.9456978797284477,1.177032169116884,0.19844211840582338
-3.9242292530429936,-0.23437554961591375,0.9245393687788813,1.1568364477901645,0.20104821077870705
-3.8261413991393507,-0.21560584672788088,0.9057387403605841,1.1426449722161904,0.18950838199971098
-3.7280705847955637,-0.19675033892818694,0.8868547671672535,1.1232532816624785,0.2039514973433385
-3.630555795777131,-0.17515341921723873,0.8652252359030052,1.1049393217874983,0.20548243804411026
-3.532545699309315,-0.1559982285211209,0.8460480471276758,1.092975326376096,0.1896556522699011
-3.434403420852076,-0.13749946459272833,0.8275320796589873,1.0676620547881008,0.19981211925351516
-3.3367896051981742,-0.11635479236701961,0.8063701972573396,1.041902502802676,0.20027442459884237
-3.238673412651799,-0.09776710429357201,0.787773298837578,1.0226853224461487,0.18015265691038773
-3.140292185984897,-0.08056725870747145,0.7705687752593369,1.007944986574154,0.18605083178726645
-3.0423861244715336,-0.060820401757132624,0.7508205971235697,0.9819492042071453,0.18521199158887502
-2.9439906946574688,-0.04378835549696955,0.7337914257581558,0.9628988869767714,0.16081600165249332
-2.8452401646872136,-0.028840010248556043,0.7188478099520903,0.9478424978921868,0.16250957722226
-2.7468844012604956,-0.01147170557446931,0.7014893075260831,0.9206678488253301,0.16850756316299687
-2.6483196334404298,0.004660268351262525,0.6853694379110192,0.9025278308287389,0.1719010232644851
-2.55008424686255,0.022695655284773755,0.667353773476875,0.887610607918411,0.17275682472550113
-2.451547319410958,0.03899629542625032,0.6510739214199073,0.8607242671020218,0.1721092635475716
-2.3532892103429375,0.05690434502583938,0.6331961391327241,0.8464854662706119,0.17125484062415497
-2.254724928854848,0.07303651471568376,0.6170940274777471,0.823812666510937,0.14872140572579617
-2.155762807827605,0.0864992657333037,0.6036563686164432,0.7847766520254549,0.138513216874385
-2.0568899702098276,0.1006158756499008,0.589570177552069,0.757632323594223,0.13022734314469986
-1.9577179548126071,0.11243691372635428,0.5777741282788554,0.7407221295825452,0.10260495900176325
-1.8582201827226636,0.12107221809203689,0.5691553612312644,0.7085810296705208,0.08775228600540652
-1.7587397541935075,0.129942662909131,0.5603029876986084,0.6776030476058038,0.07688212643858927
-1.6590760152708306,0.13641308297955576,0.5538448940544446,0.6580281526171691,0.048789260972258885
-1.5592577320725,0.1396829731579022,0.5505814156731847,0.6328815434579126,0.03466948825558491
-1.4594494340015673,0.14333680866142326,0.546934618871502,0.6119778259334836,0.03303908025607183
-1.3596194473538332,0.14628123949064,0.5439963169035499,0.606287018279666,0.020308491677017537
-1.2597579681164328,0.14739279876019004,0.5428890191694388,0.6073985697681864,0.015335548832643209
-1.1599061292210326,0.1493441929513294,0.5409426864355565,0.6093499902398334,0.017874378145683156
-1.0600440964804994,0.15096294024305432,0.5393285507274074,0.6109687225529,-0.0011795209210612168
-0.9602013916518092,0.1491086369260908,0.5411862547766294,0.6091145218756766,-0.013848605438924189
-0.8603407556702994,0.148197150657799,0.5421010753024276,0.6159125990049262,-0.01774854056525621
-0.7605089392320736,0.1455640151280049,0.5447375635506299,0.636806607198953,-0.04126088496464053
-0.6608033421393646,0.13995938503741362,0.5503481101253441,0.6693237846773874,-0.07470517580301617
-0.5613774126771389,0.13066012358073772,0.5596606289084501,0.7112041819395403,-0.11445039974818028
-0.46243703628630667,0.11715663136469427,0.5731917477355302,0.7525474608871163,-0.15271160289450902
-0.3639969155893696,0.10028131043785166,0.5901111298215187,0.7914024226972488,-0.1947582576951461
-0.2665367050754815,0.07851359740457584,0.611958539705256,0.8321051873413847,-0.24621837274819658
-0.17036590407861965,0.051618429241000026,0.6389883246326598,0.8777795603684708,-0.2972544221110798
-0.07563181161601115,0.02003360677769077,0.6707826724679179,0.9223524460030811,-0.34383327978913947
0.017620791999262433,-0.01569127742797713,0.7068130560195047,0.9674732063074476,-0.38492327372752233
0.1094449312711484,-0.054947034089399285,0.7464891738273742,1.0172221449961287,-0.4198986040181589
0.19997651086546311,-0.0971041585652429,0.7882546774792134,1.0714068160850265,-0.44814415698999976
0.2894428673157773,-0.14148432205184913,0.8321022893663057,1.1176867900712077,-0.47529862928047617
0.377560868237425,-0.1884979091399691,0.8787302216332173,1.165889622466465,-0.492517392253621
0.465451148485653,-0.2359349593530118,0.925970548799367,1.2199839752043455,-0.49389683649296323
0.553439671032203,-0.2831917769015776,0.973199469925045,1.2797600787691408,-0.4867326924571711
0.6420028649002648,-0.3293658746857811,1.0194804327678006,1.342781082158074,-0.48600240292734576
0.730061314963439,-0.3764946542167926,1.066841477207019,1.3920119464074558,-0.4841680770289467
0.8187887862889617,-0.42234115658495824,1.11300550159358,1.4454682338796796,-0.47440618006886215
0.9077511865606419,-0.4677422185293789,1.1587984014245092,1.493521631689272,-0.47251901874264624
0.996655966469709,-0.5132560027126332,1.2039022304848268,1.5462564565515646,-0.4726807460352238
1.0856033191534247,-0.5586856546428611,1.249008840444031,1.6035600292478078,-0.4771114929695637
1.174098586978164,-0.6049840695312965,1.2950947371407406,1.6641248542021823,-0.4827892227018471
1.2625221777582039,-0.6514196577075546,1.3414304362786897,1.7282263890020486,-0.4801967620651899
1.3512580203459208,-0.6972595023190069,1.387271892434442,1.796084493944457,-0.46812340233898153
1.440779385486361,-0.7415478081567024,1.4316408117534898,1.8680158452884286,-0.44788914055495344
1.531294886021917,-0.7837589888846694,1.4739844399124082,1.9439048807056232,-0.421459651088655
1.6230226670624464,-0.8232519243040047,1.5136344642271637,1.936905282672494,-0.3985649235061568
1.7153711915799819,-0.8612740073026267,1.551833195141324,1.8988035668390417,-0.37333469920206186
1.808977071270266,-0.8960911027965593,1.5868180547920423,1.8639408113332832,-0.33662653888996985
1.9038701809415852,-0.9272384380759152,1.6179173764264878,1.8327711824375539,-0.2959793919608025
2.000000000001071,-0.9543409398314324,1.6449035941930616,1.8056604078102854,-0.2748034859257449
