s,x,y,psi,kappa,v_ref
0,0,2,0,0,0
0.25,0.25,2,0,0,0
0.5,0.5,2,0,0,0
0.75,0.75,2,0,0,0
1,1,2,0,0,0
1.25,1.25,2,0,0,0
1.5,1.5,2,0,0,0
1.75,1.75,2,0,0,0
2,2,2,0,0,0
2.25,2.25,2,0,0,0
2.5,2.5,2,0,0,0
2.75,2.75,2,0,0,0
3,3,2,0,0,0
3.25,3.25,2,0,0,0
3.5,3.5,2,0,0,0
3.75,3.75,2,0,0,0
4,4,2,0,0,0
4.25,4.25,2,0,0,0
4.5,4.5,2,0,0,0
4.75,4.75,2,0,0,0
5,5,2,0,0,0
5.25,5.25,2,0,0,0
5.5,5.5,2,0,0,0
5.75,5.75,2,0,0,0
6,6,2,0,0,0
6.25,6.25,2,0,0,0
6.5,6.5,2,0,0,0
6.75,6.75,2,0,0,0
7,7,2,0,0,0
7.25,7.25,2,0,0,0
7.5,7.5,2,0,0,0
7.75,7.75,2,0,0,0
8,8,2,0,0,0
8.25,8.25,2,0,0,0
8.5,8.5,2,0,0,0
8.75,8.75,2,0,0,0
9,9,2,0,0,0
9.25,9.25,2,0,0,0
9.5,9.5,2,0,0,0
9.75,9.75,2,0,0,0
10,10,2,0,0,0
10.25,10.25,2,0,0,0
10.5,10.5,2,0,0,0
10.75,10.75,2,0,0,0
11,11,2,0,0,0
11.25,11.25,2,0,0,0
11.5,11.5,2,0,0,0
11.75,11.75,2,0,0,0
12,12,2,0,0,0
12.25,12.25,2,0,0,0
12.5,12.5,2,0,0,0
12.75,12.75,2,0,0,0
13,13,2,0,0,0
13.25,13.25,2,0,0,0
13.5,13.5,2,0,0,0
13.75,13.75,2,0,0,0
14,14,2,0,0,0
14.25,14.25,2,0,0,0
14.5,14.5,2,0,0,0
14.75,14.75,2,0,0,0
15,15,2,0,0,0
15.25,15.25,2,0,0,0
15.5,15.5,2,0,0,0
15.75,15.75,2,0,0,0
16,16,2,0,0,0
16.25,16.25,2,0,0,0
16.5,16.5,2,0,0,0
16.75,16.75,2,0,0,0
17,17,2,0,0,0
17.25,17.25,2,0,0,0
17.5,17.5,2,0,0,0
17.75,17.75,2,0,0,0
18,18,2,0,0,0
18.25,18.25,2,0,0,0
18.5,18.5,2,0,0,0
18.75,18.75,2,0,0,0
19,19,2,0,0,0
19.25,19.25,2,0,0,0
19.5,19.5,2,0,0,0
19.75,19.75,2,0,0,0
20,20,2,0,0,0
20.25,20.25,2,0,0,0
20.5,20.5,2,0,0,0
20.75,20.75,2,0,0,0
21,21,2,0,0,0
21.25,21.25,2,0,0,0
21.5,21.5,2,0,0,0
21.75,21.75,2,0,0,0
22,22,2,0,0,0
22.25,22.25,2,0,0,0
22.5,22.5,2,0,0,0
22.75,22.75,2,0,0,0
23,23,2,0,0,0
23.25,23.25,2,0,0,0
23.5,23.5,2,0,0,0
23.75,23.75,2,0,0,0
24,24,2,0,0,0
24.25,24.25,2,0,0,0
24.5,24.5,2,0,0,0
24.75,24.75,2,0,0,0
25,25,2,0,0,0
25.25,25.25,2,0,0,0
25.5,25.5,2,0,0,0
25.75,25.75,2,0,0,0
26,26,2,0,0,0
26.25,26.25,2,0,0,0
26.5,26.5,2,0,0,0
26.75,26.75,2,0,0,0
27,27,2,0,0,0
27.25,27.25,2,0,0,0
27.5,27.5,2,0,0,0
27.75,27.75,2,0,0,0
28,28,2,0,0,0
28.25,28.25,2,0,0,0
28.5,28.5,2,0,0,0
28.75,28.75,2,0,0,0
29,29,2,0,0,0
29.25,29.25,2,0,0,0
29.5,29.5,2,0,0,0
29.75,29.75,2,0,0,0
30,30,2,0,0,0
30.25,30.25,2,0,0,0
30.5,30.5,2,0,0,0
30.75,30.75,2,0,0,0
31,31,2,0,0,0
31.25,31.25,2,0,0,0
31.5,31.5,2,0,0,0
31.75,31.75,2,0,0,0
32,32,2,0,0,0
32.25,32.25,2,0,0,0
32.5,32.5,2,0,0,0
32.75,32.75,2,0,0,0
33,33,2,0,0,0
33.25,33.25,2,0,0,0
33.5,33.5,2,0,0,0
33.75,33.75,2,0,0,0
34,34,2,0,0,0
34.25,34.25,2,0,0,0
34.5,34.5,2,0,0,0
34.75,34.75,2,0,0,0
35,35,2,0,0,0
35.25,35.25,2,0,0,0
35.5,35.5,2,0,0,0
35.75,35.75,2,0,0,0
36,36,2,0,0,0
36.25,36.25,2,0,0,0
36.5,36.5,2,0,0,0
36.75,36.75,2,0,0,0
37,37,2,0,0,0
37.25,37.25,2,0,0,0
37.5,37.5,2,0,0,0
37.75,37.75,2,0,0,0
38,38,2,0,0,0
38.25,38.25,2,0,0,0
38.5,38.5,2,0,0,0
38.75,38.75,2,0,0,0
39,39,2,0,0,0
39.25,39.25,2,0,0,0
39.5,39.5,2,0,0,0
39.75,39.75,2,0,0,0
40,40,2,0,0,0
40.25,40.25,2,0,0,0
40.5,40.5,2,0,0,0
40.75,40.75,2,0,0,0
41,41,2,0,0,0
41.25,41.25,2,0,0,0
41.5,41.5,2,0,0,0
41.75,41.75,2,0,0,0
42,42,2,0,0,0
42.25,42.25,2,0,0,0
42.5,42.5,2,0,0,0
42.75,42.75,2,0,0,0
43,43,2,0,0,0
43.25,43.25,2,0,0,0
43.5,43.5,2,0,0,0
43.75,43.75,2,0,0,0
44,44,2,0,0,0
44.25,44.25,2,0,0,0
44.5,44.5,2,0,0,0
44.75,44.75,2,0,0,0
45,45,2,0,0,0
45.25,45.25,2,0,0,0
45.5,45.5,2,0,0,0
45.75,45.75,2,0,0,0
46,46,2,0,0,0
46.25,46.25,2,0,0,0
46.5,46.5,2,0,0,0
46.75,46.75,2,0,0,0
47,47,2,0,0,0
47.25,47.25,2,0,0,0
47.5,47.5,2,0,0,0
47.75,47.75,2,0,0,0
48,48,2,0,0,0
48.25,48.25,2,0,0,0
48.5,48.5,2,0,0,0
48.75,48.75,2,0,0,0
49,49,2,0,0,0
49.25,49.25,2,0,0,0
49.5,49.5,2,0,0,0
49.75,49.75,2,0,0,0
50,50,2,0,0,0
50.25,50.25,2,0,0,0
50.5,50.5,2,0,0,0
50.75,50.75,2,0,0,0
51,51,2,0,0,0
51.25,51.25,2,0,0,0
51.5,51.5,2,0,0,0
51.75,51.75,2,0,0,0
52,52,2,0,0,0
52.25,52.25,2,0,0,0
52.5,52.5,2,0,0,0
52.75,52.75,2,0,0,0
53,53,2,0,0,0
53.25,53.25,2,0,0,0
53.5,53.5,2,0,0,0
53.75,53.75,2,0,0,0
54,54,2,0,0,0
54.25,54.25,2,0,0,0
54.5,54.5,2,0,0,0
54.75,54.75,2,0,0,0
55,55,2,0,0,0
55.25,55.25,2,0,0,0
55.5,55.5,2,0,0,0
55.75,55.75,2,0,0,0
56,56,2,0,0,0
56.25,56.25,2,0,0,0
56.5,56.5,2,0,0,0
56.75,56.75,2,0,0,0
57,57,2,0,0,0
57.25,57.25,2,0,0,0
57.5,57.5,2,0,0,0
57.75,57.75,2,0,0,0
58,58,2,0,0,0
58.25,58.25,2,0,0,0
58.5,58.5,2,0,0,0
58.75,58.75,2,0,0,0
59,59,2,0,0,0
59.25,59.25,2,0,0,0
59.5,59.5,2,0,0,0
59.75,59.75,2,0,0,0
60,60,2,0,0,0
60.25,60.25,2,0,0,0
60.5,60.5,2,0,0,0
60.75,60.75,2,0,0,0
61,61,2,0,0,0
61.25,61.25,2,0,0,0
61.5,61.5,2,0,0,0
61.75,61.75,2,0,0,0
62,62,2,0,0,0
62.25,62.25,2,0,0,0
62.5,62.5,2,0,0,0
62.75,62.75,2,0,0,0
63,63,2,0,0,0
63.25,63.25,2,0,0,0
63.5,63.5,2,0,0,0
63.75,63.75,2,0,0,0
64,64,2,0,0,0
64.25,64.25,2,0,0,0
64.5,64.5,2,0,0,0
64.75,64.75,2,0,0,0
65,65,2,0,0,0
65.25,65.25,2,0,0,0
65.5,65.5,2,0,0,0
65.75,65.75,2,0,0,0
66,66,2,0,0,0
66.25,66.25,2,0,0,0
66.5,66.5,2,0,0,0
66.75,66.75,2,0,0,0
67,67,2,0,0,0
67.25,67.25,2,0,0,0
67.5,67.5,2,0,0,0
67.75,67.75,2,0,0,0
68,68,2,0,0,0
68.25,68.25,2,0,0,0
68.5,68.5,2,0,0,0
68.75,68.75,2,0,0,0
69,69,2,0,0,0
69.25,69.25,2,0,0,0
69.5,69.5,2,0,0,0
69.75,69.75,2,0,0,0
70,70,2,0,0,0
70.25,70.25,2,0,0,0
70.5,70.5,2,0,0,0
70.75,70.75,2,0,0,0
71,71,2,0,0,0
71.25,71.25,2,0,0,0
71.5,71.5,2,0,0,0
71.75,71.75,2,0,0,0
72,72,2,0,0,0
72.25,72.25,2,0,0,0
72.5,72.5,2,0,0,0
72.75,72.75,2,0,0,0
73,73,2,0,0,0
73.25,73.25,2,0,0,0
73.5,73.5,2,0,0,0
73.75,73.75,2,0,0,0
74,74,2,0,0,0
74.25,74.25,2,0,0,0
74.5,74.5,2,0,0,0
74.75,74.75,2,0,0,0
75,75,2,0,0,0
75.25,75.25,2,0,0,0
75.5,75.5,2,0,0,0
75.75,75.75,2,0,0,0
76,76,2,0,0,0
76.25,76.25,2,0,0,0
76.5,76.5,2,0,0,0
76.75,76.75,2,0,0,0
77,77,2,0,0,0
77.25,77.25,2,0,0,0
77.5,77.5,2,0,0,0
77.75,77.75,2,0,0,0
78,78,2,0,0,0
78.25,78.25,2,0,0,0
78.5,78.5,2,0,0,0
78.75,78.75,2,0,0,0
79,79,2,0,0,0
79.25,79.25,2,0,0,0
79.5,79.5,2,0,0,0
79.75,79.75,2,0,0,0
80,80,2,0,0,0
80.25,80.25,2,0,0,0
80.5,80.5,2,0,0,0
80.75,80.75,2,0,0,0
81,81,2,0,0,0
81.25,81.25,2,0,0,0
81.5,81.5,2,0,0,0
81.75,81.75,2,0,0,0
82,82,2,0,0,0
82.25,82.25,2,0,0,0
82.5,82.5,2,0,0,0
82.75,82.75,2,0,0,0
83,83,2,0,0,0
83.25,83.25,2,0,0,0
83.5,83.5,2,0,0,0
83.75,83.75,2,0,0,0
84,84,2,0,0,0
84.25,84.25,2,0,0,0
84.5,84.5,2,0,0,0
84.75,84.75,2,0,0,0
85,85,2,0,0,0
85.25,85.25,2,0,0,0
85.5,85.5,2,0,0,0
85.75,85.75,2,0,0,0
86,86,2,0,0,0
86.25,86.25,2,0,0,0
86.5,86.5,2,0,0,0
86.75,86.75,2,0,0,0
87,87,2,0,0,0
87.25,87.25,2,0,0,0
87.5,87.5,2,0,0,0
87.75,87.75,2,0,0,0
88,88,2,0,0,0
88.25,88.25,2,0,0,0
88.5,88.5,2,0,0,0
88.75,88.75,2,0,0,0
89,89,2,0,0,0
89.25,89.25,2,0,0,0
89.5,89.5,2,0,0,0
89.75,89.75,2,0,0,0
90,90,2,0,0,0
90.25,90.25,2,0,0,0
90.5,90.5,2,0,0,0
90.75,90.75,2,0,0,0
91,91,2,0,0,0
91.25,91.25,2,0,0,0
91.5,91.5,2,0,0,0
91.75,91.75,2,0,0,0
92,92,2,0,0,0
92.25,92.25,2,0,0,0
92.5,92.5,2,0,0,0
92.75,92.75,2,0,0,0
93,93,2,0,0,0
93.25,93.25,2,0,0,0
93.5,93.5,2,0,0,0
93.75,93.75,2,0,0,0
94,94,2,0,0,0
94.25,94.25,2,0,0,0
94.5,94.5,2,0,0,0
94.75,94.75,2,0,0,0
95,95,2,0,0,0
95.25,95.25,2,0,0,0
95.5,95.5,2,0,0,0
95.75,95.75,2,0,0,0
96,96,2,0,0,0
96.25,96.25,2,0,0,0
96.5,96.5,2,0,0,0
96.75,96.75,2,0,0,0
97,97,2,0,0,0
97.25,97.25,2,0,0,0
97.5,97.5,2,0,0,0
97.75,97.75,2,0,0,0
98,98,2,0,0,0
98.25,98.25,2,0,0,0
98.5,98.5,2,0,0,0
98.75,98.75,2,0,0,0
99,99,2,0,0,0
99.25,99.25,2,0,0,0
99.5,99.5,2,0,0,0
99.75,99.75,2,0,0,0
100,100,2,0,0,0
100.25,100.25,2,0,0,0
100.5,100.5,2,0,0,0
100.75,100.75,2,0,0,0
101,101,2,0,0,0
101.25,101.25,2,0,0,0
101.5,101.5,2,0,0,0
101.75,101.75,2,0,0,0
102,102,2,0,0,0
102.25,102.25,2,0,0,0
102.5,102.5,2,0,0,0
102.75,102.75,2,0,0,0
103,103,2,0,0,0
103.25,103.25,2,0,0,0
103.5,103.5,2,0,0,0
103.75,103.75,2,0,0,0
104,104,2,0,0,0
104.25,104.25,2,0,0,0
104.5,104.5,2,0,0,0
104.75,104.75,2,0,0,0
105,105,2,0,0,0
105.25,105.25,2,0,0,0
105.5,105.5,2,0,0,0
105.75,105.75,2,0,0,0
106,106,2,0,0,0
106.25,106.25,2,0,0,0
106.5,106.5,2,0,0,0
106.75,106.75,2,0,0,0
107,107,2,0,0,0
107.25,107.25,2,0,0,0
107.5,107.5,2,0,0,0
107.75,107.75,2,0,0,0
108,108,2,0,0,0
108.25,108.25,2,0,0,0
108.5,108.5,2,0,0,0
108.75,108.75,2,0,0,0
109,109,2,0,0,0
109.25,109.25,2,0,0,0
109.5,109.5,2,0,0,0
109.75,109.75,2,0,0,0
110,110,2,0,0,0
110.25,110.25,2,0,0,0
110.5,110.5,2,0,0,0
110.75,110.75,2,0,0,0
111,111,2,0,0,0
111.25,111.25,2,0,0,0
111.5,111.5,2,0,0,0
111.75,111.75,2,0,0,0
112,112,2,0,0,0
112.25,112.25,2,0,0,0
112.5,112.5,2,0,0,0
112.75,112.75,2,0,0,0
113,113,2,0,0,0
113.25,113.25,2,0,0,0
113.5,113.5,2,0,0,0
113.75,113.75,2,0,0,0
114,114,2,0,0,0
114.25,114.25,2,0,0,0
114.5,114.5,2,0,0,0
114.75,114.75,2,0,0,0
115,115,2,0,0,0
115.25,115.25,2,0,0,0
115.5,115.5,2,0,0,0
115.75,115.75,2,0,0,0
116,116,2,0,0,0
116.25,116.25,2,0,0,0
116.5,116.5,2,0,0,0
116.75,116.75,2,0,0,0
117,117,2,0,0,0
117.25,117.25,2,0,0,0
117.5,117.5,2,0,0,0
117.75,117.75,2,0,0,0
118,118,2,0,0,0
118.25,118.25,2,0,0,0
118.5,118.5,2,0,0,0
118.75,118.75,2,0,0,0
119,119,2,0,0,0
119.25,119.25,2,0,0,0
119.5,119.5,2,0,0,0
119.75,119.75,2,0,0,0
120,120,2,0,0,0
120.25,120.25,2,0,0,0
120.5,120.5,2,0,0,0
120.75,120.75,2,0,0,0
121,121,2,0,0,0
121.25,121.25,2,0,0,0
121.5,121.5,2,0,0,0
121.75,121.75,2,0,0,0
122,122,2,0,0,0
122.25,122.25,2,0,0,0
122.5,122.5,2,0,0,0
122.75,122.75,2,0,0,0
123,123,2,0,0,0
123.25,123.25,2,0,0,0
123.5,123.5,2,0,0,0
123.75,123.75,2,0,0,0
124,124,2,0,0,0
124.25,124.25,2,0,0,0
124.5,124.5,2,0,0,0
124.75,124.75,2,0,0,0
125,125,2,0,0,0
125.25,125.25,2,0,0,0
125.5,125.5,2,0,0,0
125.75,125.75,2,0,0,0
126,126,2,0,0,0
126.25,126.25,2,0,0,0
126.5,126.5,2,0,0,0
126.75,126.75,2,0,0,0
127,127,2,0,0,0
127.25,127.25,2,0,0,0
127.5,127.5,2,0,0,0
127.75,127.75,2,0,0,0
128,128,2,0,0,0
128.25,128.25,2,0,0,0
128.5,128.5,2,0,0,0
128.75,128.75,2,0,0,0
129,129,2,0,0,0
129.25,129.25,2,0,0,0
129.5,129.5,2,0,0,0
129.75,129.75,2,0,0,0
130,130,2,0,0,0
130.25,130.25,2,0,0,0
130.5,130.5,2,0,0,0
130.75,130.75,2,0,0,0
131,131,2,0,0,0
131.25,131.25,2,0,0,0
131.5,131.5,2,0,0,0
131.75,131.75,2,0,0,0
132,132,2,0,0,0
132.25,132.25,2,0,0,0
132.5,132.5,2,0,0,0
132.75,132.75,2,0,0,0
133,133,2,0,0,0
133.25,133.25,2,0,0,0
133.5,133.5,2,0,0,0
133.75,133.75,2,0,0,0
134,134,2,0,0,0
134.25,134.25,2,0,0,0
134.5,134.5,2,0,0,0
134.75,134.75,2,0,0,0
135,135,2,0,0,0
135.25,135.25,2,0,0,0
135.5,135.5,2,0,0,0
135.75,135.75,2,0,0,0
136,136,2,0,0,0
136.25,136.25,2,0,0,0
136.5,136.5,2,0,0,0
136.75,136.75,2,0,0,0
137,137,2,0,0,0
137.25,137.25,2,0,0,0
137.5,137.5,2,0,0,0
137.75,137.75,2,0,0,0
138,138,2,0,0,0
138.25,138.25,2,0,0,0
138.5,138.5,2,0,0,0
138.75,138.75,2,0,0,0
139,139,2,0,0,0
139.25,139.25,2,0,0,0
139.5,139.5,2,0,0,0
139.75,139.75,2,0,0,0
140,140,2,0,0,0
140.25,140.25,2,0,0,0
140.5,140.5,2,0,0,0
140.75,140.75,2,0,0,0
141,141,2,0,0,0
141.25,141.25,2,0,0,0
141.5,141.5,2,0,0,0
141.75,141.75,2,0,0,0
142,142,2,0,0,0
142.25,142.25,2,0,0,0
142.5,142.5,2,0,0,0
142.75,142.75,2,0,0,0
143,143,2,0,0,0
143.25,143.25,2,0,0,0
143.5,143.5,2,0,0,0
143.75,143.75,2,0,0,0
144,144,2,0,0,0
144.25,144.25,2,0,0,0
144.5,144.5,2,0,0,0
144.75,144.75,2,0,0,0
145,145,2,0,0,0
145.25,145.25,2,0,0,0
145.5,145.5,2,0,0,0
145.75,145.75,2,0,0,0
146,146,2,0,0,0
146.25,146.25,2,0,0,0
146.5,146.5,2,0,0,0
146.75,146.75,2,0,0,0
147,147,2,0,0,0
147.25,147.25,2,0,0,0
147.5,147.5,2,0,0,0
147.75,147.75,2,0,0,0
148,148,2,0,0,0
148.25,148.25,2,0,0,0
148.5,148.5,2,0,0,0
148.75,148.75,2,0,0,0
149,149,2,0,0,0
149.25,149.25,2,0,0,0
149.5,149.5,2,0,0,0
149.75,149.75,2,0,0,0
150,150,2,0,0,0
150.25,150.25,2,0,0,0
150.5,150.5,2,0,0,0
150.75,150.75,2,0,0,0
151,151,2,0,0,0
151.25,151.25,2,0,0,0
151.5,151.5,2,0,0,0
151.75,151.75,2,0,0,0
152,152,2,0,0,0
152.25,152.25,2,0,0,0
152.5,152.5,2,0,0,0
152.75,152.75,2,0,0,0
153,153,2,0,0,0
153.25,153.25,2,0,0,0
153.5,153.5,2,0,0,0
153.75,153.75,2,0,0,0
154,154,2,0,0,0
154.25,154.25,2,0,0,0
154.5,154.5,2,0,0,0
154.75,154.75,2,0,0,0
155,155,2,0,0,0
155.25,155.25,2,0,0,0
155.5,155.5,2,0,0,0
155.75,155.75,2,0,0,0
156,156,2,0,0,0
156.25,156.25,2,0,0,0
156.5,156.5,2,0,0,0
156.75,156.75,2,0,0,0
157,157,2,0,0,0
157.25,157.25,2,0,0,0
157.5,157.5,2,0,0,0
157.75,157.75,2,0,0,0
158,158,2,0,0,0
158.25,158.25,2,0,0,0
158.5,158.5,2,0,0,0
158.75,158.75,2,0,0,0
159,159,2,0,0,0
159.25,159.25,2,0,0,0
159.5,159.5,2,0,0,0
159.75,159.75,2,0,0,0
160,160,2,0,0,0
160.25,160.25,2,0,0,0
160.5,160.5,2,0,0,0
160.75,160.75,2,0,0,0
161,161,2,0,0,0
161.25,161.25,2,0,0,0
161.5,161.5,2,0,0,0
161.75,161.75,2,0,0,0
162,162,2,0,0,0
162.25,162.25,2,0,0,0
162.5,162.5,2,0,0,0
162.75,162.75,2,0,0,0
163,163,2,0,0,0
163.25,163.25,2,0,0,0
163.5,163.5,2,0,0,0
163.75,163.75,2,0,0,0
164,164,2,0,0,0
164.25,164.25,2,0,0,0
164.5,164.5,2,0,0,0
164.75,164.75,2,0,0,0
165,165,2,0,0,0
165.25,165.25,2,0,0,0
165.5,165.5,2,0,0,0
165.75,165.75,2,0,0,0
166,166,2,0,0,0
166.25,166.25,2,0,0,0
166.5,166.5,2,0,0,0
166.75,166.75,2,0,0,0
167,167,2,0,0,0
167.25,167.25,2,0,0,0
167.5,167.5,2,0,0,0
167.75,167.75,2,0,0,0
168,168,2,0,0,0
168.25,168.25,2,0,0,0
168.5,168.5,2,0,0,0
168.75,168.75,2,0,0,0
169,169,2,0,0,0
169.25,169.25,2,0,0,0
169.5,169.5,2,0,0,0
169.75,169.75,2,0,0,0
170,170,2,0,0,0
170.25,170.25,2,0,0,0
170.5,170.5,2,0,0,0
170.75,170.75,2,0,0,0
171,171,2,0,0,0
171.25,171.25,2,0,0,0
171.5,171.5,2,0,0,0
171.75,171.75,2,0,0,0
172,172,2,0,0,0
172.25,172.25,2,0,0,0
172.5,172.5,2,0,0,0
172.75,172.75,2,0,0,0
173,173,2,0,0,0
173.25,173.25,2,0,0,0
173.5,173.5,2,0,0,0
173.75,173.75,2,0,0,0
174,174,2,0,0,0
174.25,174.25,2,0,0,0
174.5,174.5,2,0,0,0
174.75,174.75,2,0,0,0
175,175,2,0,0,0
175.25,175.25,2,0,0,0
175.5,175.5,2,0,0,0
175.75,175.75,2,0,0,0
176,176,2,0,0,0
176.25,176.25,2,0,0,0
176.5,176.5,2,0,0,0
176.75,176.75,2,0,0,0
177,177,2,0,0,0
177.25,177.25,2,0,0,0
177.5,177.5,2,0,0,0
177.75,177.75,2,0,0,0
178,178,2,0,0,0
178.25,178.25,2,0,0,0
178.5,178.5,2,0,0,0
178.75,178.75,2,0,0,0
179,179,2,0,0,0
179.25,179.25,2,0,0,0
179.5,179.5,2,0,0,0
179.75,179.75,2,0,0,0
180,180,2,0,0,0
180.25,180.25,2,0,0,0
180.5,180.5,2,0,0,0
180.75,180.75,2,0,0,0
181,181,2,0,0,0
181.25,181.25,2,0,0,0
181.5,181.5,2,0,0,0
181.75,181.75,2,0,0,0
182,182,2,0,0,0
182.25,182.25,2,0,0,0
182.5,182.5,2,0,0,0
182.75,182.75,2,0,0,0
183,183,2,0,0,0
183.25,183.25,2,0,0,0
183.5,183.5,2,0,0,0
183.75,183.75,2,0,0,0
184,184,2,0,0,0
184.25,184.25,2,0,0,0
184.5,184.5,2,0,0,0
184.75,184.75,2,0,0,0
185,185,2,0,0,0
185.25,185.25,2,0,0,0
185.5,185.5,2,0,0,0
185.75,185.75,2,0,0,0
186,186,2,0,0,0
186.25,186.25,2,0,0,0
186.5,186.5,2,0,0,0
186.75,186.75,2,0,0,0
187,187,2,0,0,0
187.25,187.25,2,0,0,0
187.5,187.5,2,0,0,0
187.75,187.75,2,0,0,0
188,188,2,0,0,0
188.25,188.25,2,0,0,0
188.5,188.5,2,0,0,0
188.75,188.75,2,0,0,0
189,189,2,0,0,0
189.25,189.25,2,0,0,0
189.5,189.5,2,0,0,0
189.75,189.75,2,0,0,0
190,190,2,0,0,0
190.25,190.25,2,0,0,0
190.5,190.5,2,0,0,0
190.75,190.75,2,0,0,0
191,191,2,0,0,0
191.25,191.25,2,0,0,0
191.5,191.5,2,0,0,0
191.75,191.75,2,0,0,0
192,192,2,0,0,0
192.25,192.25,2,0,0,0
192.5,192.5,2,0,0,0
192.75,192.75,2,0,0,0
193,193,2,0,0,0
193.25,193.25,2,0,0,0
193.5,193.5,2,0,0,0
193.75,193.75,2,0,0,0
194,194,2,0,0,0
194.25,194.25,2,0,0,0
194.5,194.5,2,0,0,0
194.75,194.75,2,0,0,0
195,195,2,0,0,0
195.25,195.25,2,0,0,0
195.5,195.5,2,0,0,0
195.75,195.75,2,0,0,0
196,196,2,0,0,0
196.25,196.25,2,0,0,0
196.5,196.5,2,0,0,0
196.75,196.75,2,0,0,0
197,197,2,0,0,0
197.25,197.25,2,0,0,0
197.5,197.5,2,0,0,0
197.75,197.75,2,0,0,0
198,198,2,0,0,0
198.25,198.25,2,0,0,0
198.5,198.5,2,0,0,0
198.75,198.75,2,0,0,0
199,199,2,0,0,0
199.25,199.25,2,0,0,0
199.5,199.5,2,0,0,0
199.75,199.75,2,0,0,0
200,200,2,0,0,0
200.25,200.25,2,0,0,0
200.5,200.5,2,0,0,0
200.75,200.75,2,0,0,0
201,201,2,0,0,0
201.25,201.25,2,0,0,0
201.5,201.5,2,0,0,0
201.75,201.75,2,0,0,0
202,202,2,0,0,0
202.25,202.25,2,0,0,0
202.5,202.5,2,0,0,0
202.75,202.75,2,0,0,0
203,203,2,0,0,0
203.25,203.25,2,0,0,0
203.5,203.5,2,0,0,0
203.75,203.75,2,0,0,0
204,204,2,0,0,0
204.25,204.25,2,0,0,0
204.5,204.5,2,0,0,0
204.75,204.75,2,0,0,0
205,205,2,0,0,0
205.25,205.25,2,0,0,0
205.5,205.5,2,0,0,0
205.75,205.75,2,0,0,0
206,206,2,0,0,0
206.25,206.25,2,0,0,0
206.5,206.5,2,0,0,0
206.75,206.75,2,0,0,0
207,207,2,0,0,0
207.25,207.25,2,0,0,0
207.5,207.5,2,0,0,0
207.75,207.75,2,0,0,0
208,208,2,0,0,0
208.25,208.25,2,0,0,0
208.5,208.5,2,0,0,0
208.75,208.75,2,0,0,0
209,209,2,0,0,0
209.25,209.25,2,0,0,0
209.5,209.5,2,0,0,0
209.75,209.75,2,0,0,0
210,210,2,0,0,0
210.25,210.25,2,0,0,0
210.5,210.5,2,0,0,0
210.75,210.75,2,0,0,0
211,211,2,0,0,0
211.25,211.25,2,0,0,0
211.5,211.5,2,0,0,0
211.75,211.75,2,0,0,0
212,212,2,0,0,0
212.25,212.25,2,0,0,0
212.5,212.5,2,0,0,0
212.75,212.75,2,0,0,0
213,213,2,0,0,0
213.25,213.25,2,0,0,0
213.5,213.5,2,0,0,0
213.75,213.75,2,0,0,0
214,214,2,0,0,0
214.25,214.25,2,0,0,0
214.5,214.5,2,0,0,0
214.75,214.75,2,0,0,0
215,215,2,0,0,0
215.25,215.25,2,0,0,0
215.5,215.5,2,0,0,0
215.75,215.75,2,0,0,0
216,216,2,0,0,0
216.25,216.25,2,0,0,0
216.5,216.5,2,0,0,0
216.75,216.75,2,0,0,0
217,217,2,0,0,0
217.25,217.25,2,0,0,0
217.5,217.5,2,0,0,0
217.75,217.75,2,0,0,0
218,218,2,0,0,0
218.25,218.25,2,0,0,0
218.5,218.5,2,0,0,0
218.75,218.75,2,0,0,0
219,219,2,0,0,0
219.25,219.25,2,0,0,0
219.5,219.5,2,0,0,0
219.75,219.75,2,0,0,0
220,220,2,0,0,0
220.25,220.25,2,0,0,0
220.5,220.5,2,0,0,0
220.75,220.75,2,0,0,0
221,221,2,0,0,0
221.25,221.25,2,0,0,0
221.5,221.5,2,0,0,0
221.75,221.75,2,0,0,0
222,222,2,0,0,0
222.25,222.25,2,0,0,0
222.5,222.5,2,0,0,0
222.75,222.75,2,0,0,0
223,223,2,0,0,0
223.25,223.25,2,0,0,0
223.5,223.5,2,0,0,0
223.75,223.75,2,0,0,0
224,224,2,0,0,0
224.25,224.25,2,0,0,0
224.5,224.5,2,0,0,0
224.75,224.75,2,0,0,0
225,225,2,0,0,0
225.25,225.25,2,0,0,0
225.5,225.5,2,0,0,0
225.75,225.75,2,0,0,0
226,226,2,0,0,0
226.25,226.25,2,0,0,0
226.5,226.5,2,0,0,0
226.75,226.75,2,0,0,0
227,227,2,0,0,0
227.25,227.25,2,0,0,0
227.5,227.5,2,0,0,0
227.75,227.75,2,0,0,0
228,228,2,0,0,0
228.25,228.25,2,0,0,0
228.5,228.5,2,0,0,0
228.75,228.75,2,0,0,0
229,229,2,0,0,0
229.25,229.25,2,0,0,0
229.5,229.5,2,0,0,0
229.75,229.75,2,0,0,0
230,230,2,0,0,0
230.25,230.25,2,0,0,0
230.5,230.5,2,0,0,0
230.75,230.75,2,0,0,0
231,231,2,0,0,0
231.25,231.25,2,0,0,0
231.5,231.5,2,0,0,0
231.75,231.75,2,0,0,0
232,232,2,0,0,0
232.25,232.25,2,0,0,0
232.5,232.5,2,0,0,0
232.75,232.75,2,0,0,0
233,233,2,0,0,0
233.25,233.25,2,0,0,0
233.5,233.5,2,0,0,0
233.75,233.75,2,0,0,0
234,234,2,0,0,0
234.25,234.25,2,0,0,0
234.5,234.5,2,0,0,0
234.75,234.75,2,0,0,0
235,235,2,0,0,0
235.25,235.25,2,0,0,0
235.5,235.5,2,0,0,0
235.75,235.75,2,0,0,0
236,236,2,0,0,0
236.25,236.25,2,0,0,0
236.5,236.5,2,0,0,0
236.75,236.75,2,0,0,0
237,237,2,0,0,0
237.25,237.25,2,0,0,0
237.5,237.5,2,0,0,0
237.75,237.75,2,0,0,0
238,238,2,0,0,0
238.25,238.25,2,0,0,0
238.5,238.5,2,0,0,0
238.75,238.75,2,0,0,0
239,239,2,0,0,0
239.25,239.25,2,0,0,0
239.5,239.5,2,0,0,0
239.75,239.75,2,0,0,0
240,240,2,0,0,0
240.25,240.25,2,0,0,0
240.5,240.5,2,0,0,0
240.75,240.75,2,0,0,0
241,241,2,0,0,0
241.25,241.25,2,0,0,0
241.5,241.5,2,0,0,0
241.75,241.75,2,0,0,0
242,242,2,0,0,0
242.25,242.25,2,0,0,0
242.5,242.5,2,0,0,0
242.75,242.75,2,0,0,0
243,243,2,0,0,0
243.25,243.25,2,0,0,0
243.5,243.5,2,0,0,0
243.75,243.75,2,0,0,0
244,244,2,0,0,0
244.25,244.25,2,0,0,0
244.5,244.5,2,0,0,0
244.75,244.75,2,0,0,0
245,245,2,0,0,0
245.25,245.25,2,0,0,0
245.5,245.5,2,0,0,0
245.75,245.75,2,0,0,0
246,246,2,0,0,0
246.25,246.25,2,0,0,0
246.5,246.5,2,0,0,0
246.75,246.75,2,0,0,0
247,247,2,0,0,0
247.25,247.25,2,0,0,0
247.5,247.5,2,0,0,0
247.75,247.75,2,0,0,0
248,248,2,0,0,0
248.25,248.25,2,0,0,0
248.5,248.5,2,0,0,0
248.75,248.75,2,0,0,0
249,249,2,0,0,0
249.25,249.25,2,0,0,0
249.5,249.5,2,0,0,0
249.75,249.75,2,0,0,0
250,250,2,0,0,0
250.25,250.25,2,0,0,0
250.5,250.5,2,0,0,0
250.75,250.75,2,0,0,0
251,251,2,0,0,0
251.25,251.25,2,0,0,0
251.5,251.5,2,0,0,0
251.75,251.75,2,0,0,0
252,252,2,0,0,0
252.25,252.25,2,0,0,0
252.5,252.5,2,0,0,0
252.75,252.75,2,0,0,0
253,253,2,0,0,0
253.25,253.25,2,0,0,0
253.5,253.5,2,0,0,0
253.75,253.75,2,0,0,0
254,254,2,0,0,0
254.25,254.25,2,0,0,0
254.5,254.5,2,0,0,0
254.75,254.75,2,0,0,0
255,255,2,0,0,0
255.25,255.25,2,0,0,0
255.5,255.5,2,0,0,0
255.75,255.75,2,0,0,0
256,256,2,0,0,0
256.25,256.25,2,0,0,0
256.5,256.5,2,0,0,0
256.75,256.75,2,0,0,0
257,257,2,0,0,0
257.25,257.25,2,0,0,0
257.5,257.5,2,0,0,0
257.75,257.75,2,0,0,0
258,258,2,0,0,0
258.25,258.25,2,0,0,0
258.5,258.5,2,0,0,0
258.75,258.75,2,0,0,0
259,259,2,0,0,0
259.25,259.25,2,0,0,0
259.5,259.5,2,0,0,0
259.75,259.75,2,0,0,0
260,260,2,0,0,0
260.25,260.25,2,0,0,0
260.5,260.5,2,0,0,0
260.75,260.75,2,0,0,0
261,261,2,0,0,0
261.25,261.25,2,0,0,0
261.5,261.5,2,0,0,0
261.75,261.75,2,0,0,0
262,262,2,0,0,0
262.25,262.25,2,0,0,0
262.5,262.5,2,0,0,0
262.75,262.75,2,0,0,0
263,263,2,0,0,0
263.25,263.25,2,0,0,0
263.5,263.5,2,0,0,0
263.75,263.75,2,0,0,0
264,264,2,0,0,0
264.25,264.25,2,0,0,0
264.5,264.5,2,0,0,0
264.75,264.75,2,0,0,0
265,265,2,0,0,0
265.25,265.25,2,0,0,0
265.5,265.5,2,0,0,0
265.75,265.75,2,0,0,0
266,266,2,0,0,0
266.25,266.25,2,0,0,0
266.5,266.5,2,0,0,0
266.75,266.75,2,0,0,0
267,267,2,0,0,0
267.25,267.25,2,0,0,0
267.5,267.5,2,0,0,0
267.75,267.75,2,0,0,0
268,268,2,0,0,0
268.25,268.25,2,0,0,0
268.5,268.5,2,0,0,0
268.75,268.75,2,0,0,0
269,269,2,0,0,0
269.25,269.25,2,0,0,0
269.5,269.5,2,0,0,0
269.75,269.75,2,0,0,0
270,270,2,0,0,0
270.25,270.25,2,0,0,0
270.5,270.5,2,0,0,0
270.75,270.75,2,0,0,0
271,271,2,0,0,0
271.25,271.25,2,0,0,0
271.5,271.5,2,0,0,0
271.75,271.75,2,0,0,0
272,272,2,0,0,0
272.25,272.25,2,0,0,0
272.5,272.5,2,0,0,0
272.75,272.75,2,0,0,0
273,273,2,0,0,0
273.25,273.25,2,0,0,0
273.5,273.5,2,0,0,0
273.75,273.75,2,0,0,0
274,274,2,0,0,0
274.25,274.25,2,0,0,0
274.5,274.5,2,0,0,0
274.75,274.75,2,0,0,0
275,275,2,0,0,0
275.25,275.25,2,0,0,0
275.5,275.5,2,0,0,0
275.75,275.75,2,0,0,0
276,276,2,0,0,0
276.25,276.25,2,0,0,0
276.5,276.5,2,0,0,0
276.75,276.75,2,0,0,0
277,277,2,0,0,0
277.25,277.25,2,0,0,0
277.5,277.5,2,0,0,0
277.75,277.75,2,0,0,0
278,278,2,0,0,0
278.25,278.25,2,0,0,0
278.5,278.5,2,0,0,0
278.75,278.75,2,0,0,0
279,279,2,0,0,0
279.25,279.25,2,0,0,0
279.5,279.5,2,0,0,0
279.75,279.75,2,0,0,0
280,280,2,0,0,0
280.25,280.25,2,0,0,0
280.5,280.5,2,0,0,0
280.75,280.75,2,0,0,0
281,281,2,0,0,0
281.25,281.25,2,0,0,0
281.5,281.5,2,0,0,0
281.75,281.75,2,0,0,0
282,282,2,0,0,0
282.25,282.25,2,0,0,0
282.5,282.5,2,0,0,0
282.75,282.75,2,0,0,0
283,283,2,0,0,0
283.25,283.25,2,0,0,0
283.5,283.5,2,0,0,0
283.75,283.75,2,0,0,0
284,284,2,0,0,0
284.25,284.25,2,0,0,0
284.5,284.5,2,0,0,0
284.75,284.75,2,0,0,0
285,285,2,0,0,0
285.25,285.25,2,0,0,0
285.5,285.5,2,0,0,0
285.75,285.75,2,0,0,0
286,286,2,0,0,0
286.25,286.25,2,0,0,0
286.5,286.5,2,0,0,0
286.75,286.75,2,0,0,0
287,287,2,0,0,0
287.25,287.25,2,0,0,0
287.5,287.5,2,0,0,0
287.75,287.75,2,0,0,0
288,288,2,0,0,0
288.25,288.25,2,0,0,0
288.5,288.5,2,0,0,0
288.75,288.75,2,0,0,0
289,289,2,0,0,0
289.25,289.25,2,0,0,0
289.5,289.5,2,0,0,0
289.75,289.75,2,0,0,0
290,290,2,0,0,0
290.25,290.25,2,0,0,0
290.5,290.5,2,0,0,0
290.75,290.75,2,0,0,0
291,291,2,0,0,0
291.25,291.25,2,0,0,0
291.5,291.5,2,0,0,0
291.75,291.75,2,0,0,0
292,292,2,0,0,0
292.25,292.25,2,0,0,0
292.5,292.5,2,0,0,0
292.75,292.75,2,0,0,0
293,293,2,0,0,0
293.25,293.25,2,0,0,0
293.5,293.5,2,0,0,0
293.75,293.75,2,0,0,0
294,294,2,0,0,0
294.25,294.25,2,0,0,0
294.5,294.5,2,0,0,0
294.75,294.75,2,0,0,0
295,295,2,0,0,0
295.25,295.25,2,0,0,0
295.5,295.5,2,0,0,0
295.75,295.75,2,0,0,0
296,296,2,0,0,0
296.25,296.25,2,0,0,0
296.5,296.5,2,0,0,0
296.75,296.75,2,0,0,0
297,297,2,0,0,0
297.25,297.25,2,0,0,0
297.5,297.5,2,0,0,0
297.75,297.75,2,0,0,0
298,298,2,0,0,0
298.25,298.25,2,0,0,0
298.5,298.5,2,0,0,0
298.75,298.75,2,0,0,0
299,299,2,0,0,0
299.25,299.25,2,0,0,0
299.5,299.5,2,0,0,0
299.75,299.75,2,0,0,0
300,300,2,0,0,0
300.25,300.25,2,0,0,0
300.5,300.5,2,0,0,0
300.75,300.75,2,0,0,0
301,301,2,0,0,0
301.25,301.25,2,0,0,0
301.5,301.5,2,0,0,0
301.75,301.75,2,0,0,0
302,302,2,0,0,0
302.25,302.25,2,0,0,0
302.5,302.5,2,0,0,0
302.75,302.75,2,0,0,0
303,303,2,0,0,0
303.25,303.25,2,0,0,0
303.5,303.5,2,0,0,0
303.75,303.75,2,0,0,0
304,304,2,0,0,0
304.25,304.25,2,0,0,0
304.5,304.5,2,0,0,0
304.75,304.75,2,0,0,0
305,305,2,0,0,0
305.25,305.25,2,0,0,0
305.5,305.5,2,0,0,0
305.75,305.75,2,0,0,0
306,306,2,0,0,0
306.25,306.25,2,0,0,0
306.5,306.5,2,0,0,0
306.75,306.75,2,0,0,0
307,307,2,0,0,0
307.25,307.25,2,0,0,0
307.5,307.5,2,0,0,0
307.75,307.75,2,0,0,0
308,308,2,0,0,0
308.25,308.25,2,0,0,0
308.5,308.5,2,0,0,0
308.75,308.75,2,0,0,0
309,309,2,0,0,0
309.25,309.25,2,0,0,0
309.5,309.5,2,0,0,0
309.75,309.75,2,0,0,0
310,310,2,0,0,0
310.25,310.25,2,0,0,0
310.5,310.5,2,0,0,0
310.75,310.75,2,0,0,0
311,311,2,0,0,0
311.25,311.25,2,0,0,0
311.5,311.5,2,0,0,0
311.75,311.75,2,0,0,0
312,312,2,0,0,0
312.25,312.25,2,0,0,0
312.5,312.5,2,0,0,0
312.75,312.75,2,0,0,0
313,313,2,0,0,0
313.25,313.25,2,0,0,0
313.5,313.5,2,0,0,0
313.75,313.75,2,0,0,0
314,314,2,0,0,0
314.25,314.25,2,0,0,0
314.5,314.5,2,0,0,0
314.75,314.75,2,0,0,0
315,315,2,0,0,0
315.25,315.25,2,0,0,0
315.5,315.5,2,0,0,0
315.75,315.75,2,0,0,0
316,316,2,0,0,0
316.25,316.25,2,0,0,0
316.5,316.5,2,0,0,0
316.75,316.75,2,0,0,0
317,317,2,0,0,0
317.25,317.25,2,0,0,0
317.5,317.5,2,0,0,0
317.75,317.75,2,0,0,0
318,318,2,0,0,0
318.25,318.25,2,0,0,0
318.5,318.5,2,0,0,0
318.75,318.75,2,0,0,0
319,319,2,0,0,0
319.25,319.25,2,0,0,0
319.5,319.5,2,0,0,0
319.75,319.75,2,0,0,0
320,320,2,0,0,0
320.25,320.25,2,0,0,0
320.5,320.5,2,0,0,0
320.75,320.75,2,0,0,0
321,321,2,0,0,0
321.25,321.25,2,0,0,0
321.5,321.5,2,0,0,0
321.75,321.75,2,0,0,0
322,322,2,0,0,0
322.25,322.25,2,0,0,0
322.5,322.5,2,0,0,0
322.75,322.75,2,0,0,0
323,323,2,0,0,0
323.25,323.25,2,0,0,0
323.5,323.5,2,0,0,0
323.75,323.75,2,0,0,0
324,324,2,0,0,0
324.25,324.25,2,0,0,0
324.5,324.5,2,0,0,0
324.75,324.75,2,0,0,0
325,325,2,0,0,0
325.25,325.25,2,0,0,0
325.5,325.5,2,0,0,0
325.75,325.75,2,0,0,0
326,326,2,0,0,0
326.25,326.25,2,0,0,0
326.5,326.5,2,0,0,0
326.75,326.75,2,0,0,0
327,327,2,0,0,0
327.25,327.25,2,0,0,0
327.5,327.5,2,0,0,0
327.75,327.75,2,0,0,0
328,328,2,0,0,0
328.25,328.25,2,0,0,0
328.5,328.5,2,0,0,0
328.75,328.75,2,0,0,0
329,329,2,0,0,0
329.25,329.25,2,0,0,0
329.5,329.5,2,0,0,0
329.75,329.75,2,0,0,0
330,330,2,0,0,0
330.25,330.25,2,0,0,0
330.5,330.5,2,0,0,0
330.75,330.75,2,0,0,0
331,331,2,0,0,0
331.25,331.25,2,0,0,0
331.5,331.5,2,0,0,0
331.75,331.75,2,0,0,0
332,332,2,0,0,0
332.25,332.25,2,0,0,0
332.5,332.5,2,0,0,0
332.75,332.75,2,0,0,0
333,333,2,0,0,0
333.25,333.25,2,0,0,0
333.5,333.5,2,0,0,0
333.75,333.75,2,0,0,0
334,334,2,0,0,0
334.25,334.25,2,0,0,0
334.5,334.5,2,0,0,0
334.75,334.75,2,0,0,0
335,335,2,0,0,0
335.25,335.25,2,0,0,0
335.5,335.5,2,0,0,0
335.75,335.75,2,0,0,0
336,336,2,0,0,0
336.25,336.25,2,0,0,0
336.5,336.5,2,0,0,0
336.75,336.75,2,0,0,0
337,337,2,0,0,0
337.25,337.25,2,0,0,0
337.5,337.5,2,0,0,0
337.75,337.75,2,0,0,0
338,338,2,0,0,0
338.25,338.25,2,0,0,0
338.5,338.5,2,0,0,0
338.75,338.75,2,0,0,0
339,339,2,0,0,0
339.25,339.25,2,0,0,0
339.5,339.5,2,0,0,0
339.75,339.75,2,0,0,0
340,340,2,0,0,0
340.25,340.25,2,0,0,0
340.5,340.5,2,0,0,0
340.75,340.75,2,0,0,0
341,341,2,0,0,0
341.25,341.25,2,0,0,0
341.5,341.5,2,0,0,0
341.75,341.75,2,0,0,0
342,342,2,0,0,0
342.25,342.25,2,0,0,0
342.5,342.5,2,0,0,0
342.75,342.75,2,0,0,0
343,343,2,0,0,0
343.25,343.25,2,0,0,0
343.5,343.5,2,0,0,0
343.75,343.75,2,0,0,0
344,344,2,0,0,0
344.25,344.25,2,0,0,0
344.5,344.5,2,0,0,0
344.75,344.75,2,0,0,0
345,345,2,0,0,0
345.25,345.25,2,0,0,0
345.5,345.5,2,0,0,0
345.75,345.75,2,0,0,0
346,346,2,0,0,0
346.25,346.25,2,0,0,0
346.5,346.5,2,0,0,0
346.75,346.75,2,0,0,0
347,347,2,0,0,0
347.25,347.25,2,0,0,0
347.5,347.5,2,0,0,0
347.75,347.75,2,0,0,0
348,348,2,0,0,0
348.25,348.25,2,0,0,0
348.5,348.5,2,0,0,0
348.75,348.75,2,0,0,0
349,349,2,0,0,0
349.25,349.25,2,0,0,0
349.5,349.5,2,0,0,0
349.75,349.75,2,0,0,0
350,350,2,0,0,0
350.25,350.25,2,0,0,0
350.5,350.5,2,0,0,0
350.75,350.75,2,0,0,0
351,351,2,0,0,0
351.25,351.25,2,0,0,0
351.5,351.5,2,0,0,0
351.75,351.75,2,0,0,0
352,352,2,0,0,0
352.25,352.25,2,0,0,0
352.5,352.5,2,0,0,0
352.75,352.75,2,0,0,0
353,353,2,0,0,0
353.25,353.25,2,0,0,0
353.5,353.5,2,0,0,0
353.75,353.75,2,0,0,0
354,354,2,0,0,0
354.25,354.25,2,0,0,0
354.5,354.5,2,0,0,0
354.75,354.75,2,0,0,0
355,355,2,0,0,0
355.25,355.25,2,0,0,0
355.5,355.5,2,0,0,0
355.75,355.75,2,0,0,0
356,356,2,0,0,0
356.25,356.25,2,0,0,0
356.5,356.5,2,0,0,0
356.75,356.75,2,0,0,0
357,357,2,0,0,0
357.25,357.25,2,0,0,0
357.5,357.5,2,0,0,0
357.75,357.75,2,0,0,0
358,358,2,0,0,0
358.25,358.25,2,0,0,0
358.5,358.5,2,0,0,0
358.75,358.75,2,0,0,0
359,359,2,0,0,0
359.25,359.25,2,0,0,0
359.5,359.5,2,0,0,0
359.75,359.75,2,0,0,0
360,360,2,0,0,0
360.25,360.25,2,0,0,0
360.5,360.5,2,0,0,0
360.75,360.75,2,0,0,0
361,361,2,0,0,0
361.25,361.25,2,0,0,0
361.5,361.5,2,0,0,0
361.75,361.75,2,0,0,0
362,362,2,0,0,0
362.25,362.25,2,0,0,0
362.5,362.5,2,0,0,0
362.75,362.75,2,0,0,0
363,363,2,0,0,0
363.25,363.25,2,0,0,0
363.5,363.5,2,0,0,0
363.75,363.75,2,0,0,0
364,364,2,0,0,0
364.25,364.25,2,0,0,0
364.5,364.5,2,0,0,0
364.75,364.75,2,0,0,0
365,365,2,0,0,0
365.25,365.25,2,0,0,0
365.5,365.5,2,0,0,0
365.75,365.75,2,0,0,0
366,366,2,0,0,0
366.25,366.25,2,0,0,0
366.5,366.5,2,0,0,0
366.75,366.75,2,0,0,0
367,367,2,0,0,0
367.25,367.25,2,0,0,0
367.5,367.5,2,0,0,0
367.75,367.75,2,0,0,0
368,368,2,0,0,0
368.25,368.25,2,0,0,0
368.5,368.5,2,0,0,0
368.75,368.75,2,0,0,0
369,369,2,0,0,0
369.25,369.25,2,0,0,0
369.5,369.5,2,0,0,0
369.75,369.75,2,0,0,0
370,370,2,0,0,0
370.25,370.25,2,0,0,0
370.5,370.5,2,0,0,0
370.75,370.75,2,0,0,0
371,371,2,0,0,0
371.25,371.25,2,0,0,0
371.5,371.5,2,0,0,0
371.75,371.75,2,0,0,0
372,372,2,0,0,0
372.25,372.25,2,0,0,0
372.5,372.5,2,0,0,0
372.75,372.75,2,0,0,0
373,373,2,0,0,0
373.25,373.25,2,0,0,0
373.5,373.5,2,0,0,0
373.75,373.75,2,0,0,0
374,374,2,0,0,0
374.25,374.25,2,0,0,0
374.5,374.5,2,0,0,0
374.75,374.75,2,0,0,0
375,375,2,0,0,0
375.25,375.25,2,0,0,0
375.5,375.5,2,0,0,0
375.75,375.75,2,0,0,0
376,376,2,0,0,0
376.25,376.25,2,0,0,0
376.5,376.5,2,0,0,0
376.75,376.75,2,0,0,0
377,377,2,0,0,0
377.25,377.25,2,0,0,0
377.5,377.5,2,0,0,0
377.75,377.75,2,0,0,0
378,378,2,0,0,0
378.25,378.25,2,0,0,0
378.5,378.5,2,0,0,0
378.75,378.75,2,0,0,0
379,379,2,0,0,0
379.25,379.25,2,0,0,0
379.5,379.5,2,0,0,0
379.75,379.75,2,0,0,0
380,380,2,0,0,0
380.25,380.25,2,0,0,0
380.5,380.5,2,0,0,0
380.75,380.75,2,0,0,0
381,381,2,0,0,0
381.25,381.25,2,0,0,0
381.5,381.5,2,0,0,0
381.75,381.75,2,0,0,0
382,382,2,0,0,0
382.25,382.25,2,0,0,0
382.5,382.5,2,0,0,0
382.75,382.75,2,0,0,0
383,383,2,0,0,0
383.25,383.25,2,0,0,0
383.5,383.5,2,0,0,0
383.75,383.75,2,0,0,0
384,384,2,0,0,0
384.25,384.25,2,0,0,0
384.5,384.5,2,0,0,0
384.75,384.75,2,0,0,0
385,385,2,0,0,0
385.25,385.25,2,0,0,0
385.5,385.5,2,0,0,0
385.75,385.75,2,0,0,0
386,386,2,0,0,0
386.25,386.25,2,0,0,0
386.5,386.5,2,0,0,0
386.75,386.75,2,0,0,0
387,387,2,0,0,0
387.25,387.25,2,0,0,0
387.5,387.5,2,0,0,0
387.75,387.75,2,0,0,0
388,388,2,0,0,0
388.25,388.25,2,0,0,0
388.5,388.5,2,0,0,0
388.75,388.75,2,0,0,0
389,389,2,0,0,0
389.25,389.25,2,0,0,0
389.5,389.5,2,0,0,0
389.75,389.75,2,0,0,0
390,390,2,0,0,0
390.25,390.25,2,0,0,0
390.5,390.5,2,0,0,0
390.75,390.75,2,0,0,0
391,391,2,0,0,0
391.25,391.25,2,0,0,0
391.5,391.5,2,0,0,0
391.75,391.75,2,0,0,0
392,392,2,0,0,0
392.25,392.25,2,0,0,0
392.5,392.5,2,0,0,0
392.75,392.75,2,0,0,0
393,393,2,0,0,0
393.25,393.25,2,0,0,0
393.5,393.5,2,0,0,0
393.75,393.75,2,0,0,0
394,394,2,0,0,0
394.25,394.25,2,0,0,0
394.5,394.5,2,0,0,0
394.75,394.75,2,0,0,0
395,395,2,0,0,0
395.25,395.25,2,0,0,0
395.5,395.5,2,0,0,0
395.75,395.75,2,0,0,0
396,396,2,0,0,0
396.25,396.25,2,0,0,0
396.5,396.5,2,0,0,0
396.75,396.75,2,0,0,0
397,397,2,0,0,0
397.25,397.25,2,0,0,0
397.5,397.5,2,0,0,0
397.75,397.75,2,0,0,0
398,398,2,0,0,0
398.25,398.25,2,0,0,0
398.5,398.5,2,0,0,0
398.75,398.75,2,0,0,0
399,399,2,0,0,0
399.25,399.25,2,0,0,0
399.5,399.5,2,0.448799,0,0
399.75,399.75,2,0.897598,0,0
400,400,2,1.3464,0,0
400.25,399.75,2,1.7952,0,0
400.5,399.5,2,2.24399,0,0
400.75,399.25,2,2.69279,0,0
401,399,2,3.14159,0,0
401.25,398.75,2,3.14159,0,0
401.5,398.5,2,3.14159,0,0
401.75,398.25,2,3.14159,0,0
402,398,2,3.14159,0,0
402.25,397.75,2,3.14159,0,0
402.5,397.5,2,3.14159,0,0
402.75,397.25,2,3.14159,0,0
403,397,2,3.14159,0,0
403.25,396.75,2,3.14159,0,0
403.5,396.5,2,3.14159,0,0
403.75,396.25,2,3.14159,0,0
404,396,2,3.14159,0,0
404.25,395.75,2,3.14159,0,0
404.5,395.5,2,3.14159,0,0
404.75,395.25,2,3.14159,0,0
405,395,2,3.14159,0,0
405.25,394.75,2,3.14159,0,0
405.5,394.5,2,3.14159,0,0
405.75,394.25,2,3.14159,0,0
406,394,2,3.14159,0,0
406.25,393.75,2,3.14159,0,0
406.5,393.5,2,3.14159,0,0
406.75,393.25,2,3.14159,0,0
407,393,2,3.14159,0,0
407.25,392.75,2,3.14159,0,0
407.5,392.5,2,3.14159,0,0
407.75,392.25,2,3.14159,0,0
408,392,2,3.14159,0,0
408.25,391.75,2,3.14159,0,0
408.5,391.5,2,3.14159,0,0
408.75,391.25,2,3.14159,0,0
409,391,2,3.14159,0,0
409.25,390.75,2,3.14159,0,0
409.5,390.5,2,3.14159,0,0
409.75,390.25,2,3.14159,0,0
410,390,2,3.14159,0,0
410.25,389.75,2,3.14159,0,0
410.5,389.5,2,3.14159,0,0
410.75,389.25,2,3.14159,0,0
411,389,2,3.14159,0,0
411.25,388.75,2,3.14159,0,0
411.5,388.5,2,3.14159,0,0
411.75,388.25,2,3.14159,0,0
412,388,2,3.14159,0,0
412.25,387.75,2,3.14159,0,0
412.5,387.5,2,3.14159,0,0
412.75,387.25,2,3.14159,0,0
413,387,2,3.14159,0,0
413.25,386.75,2,3.14159,0,0
413.5,386.5,2,3.14159,0,0
413.75,386.25,2,3.14159,0,0
414,386,2,3.14159,0,0
414.25,385.75,2,3.14159,0,0
414.5,385.5,2,3.14159,0,0
414.75,385.25,2,3.14159,0,0
415,385,2,3.14159,0,0
415.25,384.75,2,3.14159,0,0
415.5,384.5,2,3.14159,0,0
415.75,384.25,2,3.14159,0,0
416,384,2,3.14159,0,0
416.25,383.75,2,3.14159,0,0
416.5,383.5,2,3.14159,0,0
416.75,383.25,2,3.14159,0,0
417,383,2,3.14159,0,0
417.25,382.75,2,3.14159,0,0
417.5,382.5,2,3.14159,0,0
417.75,382.25,2,3.14159,0,0
418,382,2,3.14159,0,0
418.25,381.75,2,3.14159,0,0
418.5,381.5,2,3.14159,0,0
418.75,381.25,2,3.14159,0,0
419,381,2,3.14159,0,0
419.25,380.75,2,3.14159,0,0
419.5,380.5,2,3.14159,0,0
419.75,380.25,2,3.14159,0,0
420,380,2,3.14159,0,0
420.25,379.75,2,3.14159,0,0
420.5,379.5,2,3.14159,0,0
420.75,379.25,2,3.14159,0,0
421,379,2,3.14159,0,0
421.25,378.75,2,3.14159,0,0
421.5,378.5,2,3.14159,0,0
421.75,378.25,2,3.14159,0,0
422,378,2,3.14159,0,0
422.25,377.75,2,3.14159,0,0
422.5,377.5,2,3.14159,0,0
422.75,377.25,2,3.14159,0,0
423,377,2,3.14159,0,0
423.25,376.75,2,3.14159,0,0
423.5,376.5,2,3.14159,0,0
423.75,376.25,2,3.14159,0,0
424,376,2,3.14159,0,0
424.25,375.75,2,3.14159,0,0
424.5,375.5,2,3.14159,0,0
424.75,375.25,2,3.14159,0,0
425,375,2,3.14159,0,0
425.25,374.75,2,3.14159,0,0
425.5,374.5,2,3.14159,0,0
425.75,374.25,2,3.14159,0,0
426,374,2,3.14159,0,0
426.25,373.75,2,3.14159,0,0
426.5,373.5,2,3.14159,0,0
426.75,373.25,2,3.14159,0,0
427,373,2,3.14159,0,0
427.25,372.75,2,3.14159,0,0
427.5,372.5,2,3.14159,0,0
427.75,372.25,2,3.14159,0,0
428,372,2,3.14159,0,0
428.25,371.75,2,3.14159,0,0
428.5,371.5,2,3.14159,0,0
428.75,371.25,2,3.14159,0,0
429,371,2,3.14159,0,0
429.25,370.75,2,3.14159,0,0
429.5,370.5,2,3.14159,0,0
429.75,370.25,2,3.14159,0,0
430,370,2,3.14159,0,0
430.25,369.75,2,3.14159,0,0
430.5,369.5,2,3.14159,0,0
430.75,369.25,2,3.14159,0,0
431,369,2,3.14159,0,0
431.25,368.75,2,3.14159,0,0
431.5,368.5,2,3.14159,0,0
431.75,368.25,2,3.14159,0,0
432,368,2,3.14159,0,0
432.25,367.75,2,3.14159,0,0
432.5,367.5,2,3.14159,0,0
432.75,367.25,2,3.14159,0,0
433,367,2,3.14159,0,0
433.25,366.75,2,3.14159,0,0
433.5,366.5,2,3.14159,0,0
433.75,366.25,2,3.14159,0,0
434,366,2,3.14159,0,0
434.25,365.75,2,3.14159,0,0
434.5,365.5,2,3.14159,0,0
434.75,365.25,2,3.14159,0,0
435,365,2,3.14159,0,0
435.25,364.75,2,3.14159,0,0
435.5,364.5,2,3.14159,0,0
435.75,364.25,2,3.14159,0,0
436,364,2,3.14159,0,0
436.25,363.75,2,3.14159,0,0
436.5,363.5,2,3.14159,0,0
436.75,363.25,2,3.14159,0,0
437,363,2,3.14159,0,0
437.25,362.75,2,3.14159,0,0
437.5,362.5,2,3.14159,0,0
437.75,362.25,2,3.14159,0,0
438,362,2,3.14159,0,0
438.25,361.75,2,3.14159,0,0
438.5,361.5,2,3.14159,0,0
438.75,361.25,2,3.14159,0,0
439,361,2,3.14159,0,0
439.25,360.75,2,3.14159,0,0
439.5,360.5,2,3.14159,0,0
439.75,360.25,2,3.14159,0,0
440,360,2,3.14159,0,0
440.25,359.75,2,3.14159,0,0
440.5,359.5,2,3.14159,0,0
440.75,359.25,2,3.14159,0,0
441,359,2,3.14159,0,0
441.25,358.75,2,3.14159,0,0
441.5,358.5,2,3.14159,0,0
441.75,358.25,2,3.14159,0,0
442,358,2,3.14159,0,0
442.25,357.75,2,3.14159,0,0
442.5,357.5,2,3.14159,0,0
442.75,357.25,2,3.14159,0,0
443,357,2,3.14159,0,0
443.25,356.75,2,3.14159,0,0
443.5,356.5,2,3.14159,0,0
443.75,356.25,2,3.14159,0,0
444,356,2,3.14159,0,0
444.25,355.75,2,3.14159,0,0
444.5,355.5,2,3.14159,0,0
444.75,355.25,2,3.14159,0,0
445,355,2,3.14159,0,0
445.25,354.75,2,3.14159,0,0
445.5,354.5,2,3.14159,0,0
445.75,354.25,2,3.14159,0,0
446,354,2,3.14159,0,0
446.25,353.75,2,3.14159,0,0
446.5,353.5,2,3.14159,0,0
446.75,353.25,2,3.14159,0,0
447,353,2,3.14159,0,0
447.25,352.75,2,3.14159,0,0
447.5,352.5,2,3.14159,0,0
447.75,352.25,2,3.14159,0,0
448,352,2,3.14159,0,0
448.25,351.75,2,3.14159,0,0
448.5,351.5,2,3.14159,0,0
448.75,351.25,2,3.14159,0,0
449,351,2,3.14159,0,0
449.25,350.75,2,3.14159,0,0
449.5,350.5,2,3.14159,0,0
449.75,350.25,2,3.14159,0,0
450,350,2,3.14159,0,0
450.25,349.75,2,3.14159,0,0
450.5,349.5,2,3.14159,0,0
450.75,349.25,2,3.14159,0,0
451,349,2,3.14159,0,0
451.25,348.75,2,3.14159,0,0
451.5,348.5,2,3.14159,0,0
451.75,348.25,2,3.14159,0,0
452,348,2,3.14159,0,0
452.25,347.75,2,3.14159,0,0
452.5,347.5,2,3.14159,0,0
452.75,347.25,2,3.14159,0,0
453,347,2,3.14159,0,0
453.25,346.75,2,3.14159,0,0
453.5,346.5,2,3.14159,0,0
453.75,346.25,2,3.14159,0,0
454,346,2,3.14159,0,0
454.25,345.75,2,3.14159,0,0
454.5,345.5,2,3.14159,0,0
454.75,345.25,2,3.14159,0,0
455,345,2,3.14159,0,0
455.25,344.75,2,3.14159,0,0
455.5,344.5,2,3.14159,0,0
455.75,344.25,2,3.14159,0,0
456,344,2,3.14159,0,0
456.25,343.75,2,3.14159,0,0
456.5,343.5,2,3.14159,0,0
456.75,343.25,2,3.14159,0,0
457,343,2,3.14159,0,0
457.25,342.75,2,3.14159,0,0
457.5,342.5,2,3.14159,0,0
457.75,342.25,2,3.14159,0,0
458,342,2,3.14159,0,0
458.25,341.75,2,3.14159,0,0
458.5,341.5,2,3.14159,0,0
458.75,341.25,2,3.14159,0,0
459,341,2,3.14159,0,0
459.25,340.75,2,3.14159,0,0
459.5,340.5,2,3.14159,0,0
459.75,340.25,2,3.14159,0,0
460,340,2,3.14159,0,0
460.25,339.75,2,3.14159,0,0
460.5,339.5,2,3.14159,0,0
460.75,339.25,2,3.14159,0,0
461,339,2,3.14159,0,0
461.25,338.75,2,3.14159,0,0
461.5,338.5,2,3.14159,0,0
461.75,338.25,2,3.14159,0,0
462,338,2,3.14159,0,0
462.25,337.75,2,3.14159,0,0
462.5,337.5,2,3.14159,0,0
462.75,337.25,2,3.14159,0,0
463,337,2,3.14159,0,0
463.25,336.75,2,3.14159,0,0
463.5,336.5,2,3.14159,0,0
463.75,336.25,2,3.14159,0,0
464,336,2,3.14159,0,0
464.25,335.75,2,3.14159,0,0
464.5,335.5,2,3.14159,0,0
464.75,335.25,2,3.14159,0,0
465,335,2,3.14159,0,0
465.25,334.75,2,3.14159,0,0
465.5,334.5,2,3.14159,0,0
465.75,334.25,2,3.14159,0,0
466,334,2,3.14159,0,0
466.25,333.75,2,3.14159,0,0
466.5,333.5,2,3.14159,0,0
466.75,333.25,2,3.14159,0,0
467,333,2,3.14159,0,0
467.25,332.75,2,3.14159,0,0
467.5,332.5,2,3.14159,0,0
467.75,332.25,2,3.14159,0,0
468,332,2,3.14159,0,0
468.25,331.75,2,3.14159,0,0
468.5,331.5,2,3.14159,0,0
468.75,331.25,2,3.14159,0,0
469,331,2,3.14159,0,0
469.25,330.75,2,3.14159,0,0
469.5,330.5,2,3.14159,0,0
469.75,330.25,2,3.14159,0,0
470,330,2,3.14159,0,0
470.25,329.75,2,3.14159,0,0
470.5,329.5,2,3.14159,0,0
470.75,329.25,2,3.14159,0,0
471,329,2,3.14159,0,0
471.25,328.75,2,3.14159,0,0
471.5,328.5,2,3.14159,0,0
471.75,328.25,2,3.14159,0,0
472,328,2,3.14159,0,0
472.25,327.75,2,3.14159,0,0
472.5,327.5,2,3.14159,0,0
472.75,327.25,2,3.14159,0,0
473,327,2,3.14159,0,0
473.25,326.75,2,3.14159,0,0
473.5,326.5,2,3.14159,0,0
473.75,326.25,2,3.14159,0,0
474,326,2,3.14159,0,0
474.25,325.75,2,3.14159,0,0
474.5,325.5,2,3.14159,0,0
474.75,325.25,2,3.14159,0,0
475,325,2,3.14159,0,0
475.25,324.75,2,3.14159,0,0
475.5,324.5,2,3.14159,0,0
475.75,324.25,2,3.14159,0,0
476,324,2,3.14159,0,0
476.25,323.75,2,3.14159,0,0
476.5,323.5,2,3.14159,0,0
476.75,323.25,2,3.14159,0,0
477,323,2,3.14159,0,0
477.25,322.75,2,3.14159,0,0
477.5,322.5,2,3.14159,0,0
477.75,322.25,2,3.14159,0,0
478,322,2,3.14159,0,0
478.25,321.75,2,3.14159,0,0
478.5,321.5,2,3.14159,0,0
478.75,321.25,2,3.14159,0,0
479,321,2,3.14159,0,0
479.25,320.75,2,3.14159,0,0
479.5,320.5,2,3.14159,0,0
479.75,320.25,2,3.14159,0,0
480,320,2,3.14159,0,0
480.25,319.75,2,3.14159,0,0
480.5,319.5,2,3.14159,0,0
480.75,319.25,2,3.14159,0,0
481,319,2,3.14159,0,0
481.25,318.75,2,3.14159,0,0
481.5,318.5,2,3.14159,0,0
481.75,318.25,2,3.14159,0,0
482,318,2,3.14159,0,0
482.25,317.75,2,3.14159,0,0
482.5,317.5,2,3.14159,0,0
482.75,317.25,2,3.14159,0,0
483,317,2,3.14159,0,0
483.25,316.75,2,3.14159,0,0
483.5,316.5,2,3.14159,0,0
483.75,316.25,2,3.14159,0,0
484,316,2,3.14159,0,0
484.25,315.75,2,3.14159,0,0
484.5,315.5,2,3.14159,0,0
484.75,315.25,2,3.14159,0,0
485,315,2,3.14159,0,0
485.25,314.75,2,3.14159,0,0
485.5,314.5,2,3.14159,0,0
485.75,314.25,2,3.14159,0,0
486,314,2,3.14159,0,0
486.25,313.75,2,3.14159,0,0
486.5,313.5,2,3.14159,0,0
486.75,313.25,2,3.14159,0,0
487,313,2,3.14159,0,0
487.25,312.75,2,3.14159,0,0
487.5,312.5,2,3.14159,0,0
487.75,312.25,2,3.14159,0,0
488,312,2,3.14159,0,0
488.25,311.75,2,3.14159,0,0
488.5,311.5,2,3.14159,0,0
488.75,311.25,2,3.14159,0,0
489,311,2,3.14159,0,0
489.25,310.75,2,3.14159,0,0
489.5,310.5,2,3.14159,0,0
489.75,310.25,2,3.14159,0,0
490,310,2,3.14159,0,0
490.25,309.75,2,3.14159,0,0
490.5,309.5,2,3.14159,0,0
490.75,309.25,2,3.14159,0,0
491,309,2,3.14159,0,0
491.25,308.75,2,3.14159,0,0
491.5,308.5,2,3.14159,0,0
491.75,308.25,2,3.14159,0,0
492,308,2,3.14159,0,0
492.25,307.75,2,3.14159,0,0
492.5,307.5,2,3.14159,0,0
492.75,307.25,2,3.14159,0,0
493,307,2,3.14159,0,0
493.25,306.75,2,3.14159,0,0
493.5,306.5,2,3.14159,0,0
493.75,306.25,2,3.14159,0,0
494,306,2,3.14159,0,0
494.25,305.75,2,3.14159,0,0
494.5,305.5,2,3.14159,0,0
494.75,305.25,2,3.14159,0,0
495,305,2,3.14159,0,0
495.25,304.75,2,3.14159,0,0
495.5,304.5,2,3.14159,0,0
495.75,304.25,2,3.14159,0,0
496,304,2,3.14159,0,0
496.25,303.75,2,3.14159,0,0
496.5,303.5,2,3.14159,0,0
496.75,303.25,2,3.14159,0,0
497,303,2,3.14159,0,0
497.25,302.75,2,3.14159,0,0
497.5,302.5,2,3.14159,0,0
497.75,302.25,2,3.14159,0,0
498,302,2,3.14159,0,0
498.25,301.75,2,3.14159,0,0
498.5,301.5,2,3.14159,0,0
498.75,301.25,2,3.14159,0,0
499,301,2,3.14159,0,0
499.25,300.75,2,3.14159,0,0
499.5,300.5,2,3.14159,0,0
499.75,300.25,2,3.14159,0,0
500,300,2,3.14159,0,0
500.25,299.75,2,3.14159,0,0
500.5,299.5,2,3.14159,0,0
500.75,299.25,2,3.14159,0,0
501,299,2,3.14159,0,0
501.25,298.75,2,3.14159,0,0
501.5,298.5,2,3.14159,0,0
501.75,298.25,2,3.14159,0,0
502,298,2,3.14159,0,0
502.25,297.75,2,3.14159,0,0
502.5,297.5,2,3.14159,0,0
502.75,297.25,2,3.14159,0,0
503,297,2,3.14159,0,0
503.25,296.75,2,3.14159,0,0
503.5,296.5,2,3.14159,0,0
503.75,296.25,2,3.14159,0,0
504,296,2,3.14159,0,0
504.25,295.75,2,3.14159,0,0
504.5,295.5,2,3.14159,0,0
504.75,295.25,2,3.14159,0,0
505,295,2,3.14159,0,0
505.25,294.75,2,3.14159,0,0
505.5,294.5,2,3.14159,0,0
505.75,294.25,2,3.14159,0,0
506,294,2,3.14159,0,0
506.25,293.75,2,3.14159,0,0
506.5,293.5,2,3.14159,0,0
506.75,293.25,2,3.14159,0,0
507,293,2,3.14159,0,0
507.25,292.75,2,3.14159,0,0
507.5,292.5,2,3.14159,0,0
507.75,292.25,2,3.14159,0,0
508,292,2,3.14159,0,0
508.25,291.75,2,3.14159,0,0
508.5,291.5,2,3.14159,0,0
508.75,291.25,2,3.14159,0,0
509,291,2,3.14159,0,0
509.25,290.75,2,3.14159,0,0
509.5,290.5,2,3.14159,0,0
509.75,290.25,2,3.14159,0,0
510,290,2,3.14159,0,0
510.25,289.75,2,3.14159,0,0
510.5,289.5,2,3.14159,0,0
510.75,289.25,2,3.14159,0,0
511,289,2,3.14159,0,0
511.25,288.75,2,3.14159,0,0
511.5,288.5,2,3.14159,0,0
511.75,288.25,2,3.14159,0,0
512,288,2,3.14159,0,0
512.25,287.75,2,3.14159,0,0
512.5,287.5,2,3.14159,0,0
512.75,287.25,2,3.14159,0,0
513,287,2,3.14159,0,0
513.25,286.75,2,3.14159,0,0
513.5,286.5,2,3.14159,0,0
513.75,286.25,2,3.14159,0,0
514,286,2,3.14159,0,0
514.25,285.75,2,3.14159,0,0
514.5,285.5,2,3.14159,0,0
514.75,285.25,2,3.14159,0,0
515,285,2,3.14159,0,0
515.25,284.75,2,3.14159,0,0
515.5,284.5,2,3.14159,0,0
515.75,284.25,2,3.14159,0,0
516,284,2,3.14159,0,0
516.25,283.75,2,3.14159,0,0
516.5,283.5,2,3.14159,0,0
516.75,283.25,2,3.14159,0,0
517,283,2,3.14159,0,0
517.25,282.75,2,3.14159,0,0
517.5,282.5,2,3.14159,0,0
517.75,282.25,2,3.14159,0,0
518,282,2,3.14159,0,0
518.25,281.75,2,3.14159,0,0
518.5,281.5,2,3.14159,0,0
518.75,281.25,2,3.14159,0,0
519,281,2,3.14159,0,0
519.25,280.75,2,3.14159,0,0
519.5,280.5,2,3.14159,0,0
519.75,280.25,2,3.14159,0,0
520,280,2,3.14159,0,0
520.25,279.75,2,3.14159,0,0
520.5,279.5,2,3.14159,0,0
520.75,279.25,2,3.14159,0,0
521,279,2,3.14159,0,0
521.25,278.75,2,3.14159,0,0
521.5,278.5,2,3.14159,0,0
521.75,278.25,2,3.14159,0,0
522,278,2,3.14159,0,0
522.25,277.75,2,3.14159,0,0
522.5,277.5,2,3.14159,0,0
522.75,277.25,2,3.14159,0,0
523,277,2,3.14159,0,0
523.25,276.75,2,3.14159,0,0
523.5,276.5,2,3.14159,0,0
523.75,276.25,2,3.14159,0,0
524,276,2,3.14159,0,0
524.25,275.75,2,3.14159,0,0
524.5,275.5,2,3.14159,0,0
524.75,275.25,2,3.14159,0,0
525,275,2,3.14159,0,0
525.25,274.75,2,3.14159,0,0
525.5,274.5,2,3.14159,0,0
525.75,274.25,2,3.14159,0,0
526,274,2,3.14159,0,0
526.25,273.75,2,3.14159,0,0
526.5,273.5,2,3.14159,0,0
526.75,273.25,2,3.14159,0,0
527,273,2,3.14159,0,0
527.25,272.75,2,3.14159,0,0
527.5,272.5,2,3.14159,0,0
527.75,272.25,2,3.14159,0,0
528,272,2,3.14159,0,0
528.25,271.75,2,3.14159,0,0
528.5,271.5,2,3.14159,0,0
528.75,271.25,2,3.14159,0,0
529,271,2,3.14159,0,0
529.25,270.75,2,3.14159,0,0
529.5,270.5,2,3.14159,0,0
529.75,270.25,2,3.14159,0,0
530,270,2,3.14159,0,0
530.25,269.75,2,3.14159,0,0
530.5,269.5,2,3.14159,0,0
530.75,269.25,2,3.14159,0,0
531,269,2,3.14159,0,0
531.25,268.75,2,3.14159,0,0
531.5,268.5,2,3.14159,0,0
531.75,268.25,2,3.14159,0,0
532,268,2,3.14159,0,0
532.25,267.75,2,3.14159,0,0
532.5,267.5,2,3.14159,0,0
532.75,267.25,2,3.14159,0,0
533,267,2,3.14159,0,0
533.25,266.75,2,3.14159,0,0
533.5,266.5,2,3.14159,0,0
533.75,266.25,2,3.14159,0,0
534,266,2,3.14159,0,0
534.25,265.75,2,3.14159,0,0
534.5,265.5,2,3.14159,0,0
534.75,265.25,2,3.14159,0,0
535,265,2,3.14159,0,0
535.25,264.75,2,3.14159,0,0
535.5,264.5,2,3.14159,0,0
535.75,264.25,2,3.14159,0,0
536,264,2,3.14159,0,0
536.25,263.75,2,3.14159,0,0
536.5,263.5,2,3.14159,0,0
536.75,263.25,2,3.14159,0,0
537,263,2,3.14159,0,0
537.25,262.75,2,3.14159,0,0
537.5,262.5,2,3.14159,0,0
537.75,262.25,2,3.14159,0,0
538,262,2,3.14159,0,0
538.25,261.75,2,3.14159,0,0
538.5,261.5,2,3.14159,0,0
538.75,261.25,2,3.14159,0,0
539,261,2,3.14159,0,0
539.25,260.75,2,3.14159,0,0
539.5,260.5,2,3.14159,0,0
539.75,260.25,2,3.14159,0,0
540,260,2,3.14159,0,0
540.25,259.75,2,3.14159,0,0
540.5,259.5,2,3.14159,0,0
540.75,259.25,2,3.14159,0,0
541,259,2,3.14159,0,0
541.25,258.75,2,3.14159,0,0
541.5,258.5,2,3.14159,0,0
541.75,258.25,2,3.14159,0,0
542,258,2,3.14159,0,0
542.25,257.75,2,3.14159,0,0
542.5,257.5,2,3.14159,0,0
542.75,257.25,2,3.14159,0,0
543,257,2,3.14159,0,0
543.25,256.75,2,3.14159,0,0
543.5,256.5,2,3.14159,0,0
543.75,256.25,2,3.14159,0,0
544,256,2,3.14159,0,0
544.25,255.75,2,3.14159,0,0
544.5,255.5,2,3.14159,0,0
544.75,255.25,2,3.14159,0,0
545,255,2,3.14159,0,0
545.25,254.75,2,3.14159,0,0
545.5,254.5,2,3.14159,0,0
545.75,254.25,2,3.14159,0,0
546,254,2,3.14159,0,0
546.25,253.75,2,3.14159,0,0
546.5,253.5,2,3.14159,0,0
546.75,253.25,2,3.14159,0,0
547,253,2,3.14159,0,0
547.25,252.75,2,3.14159,0,0
547.5,252.5,2,3.14159,0,0
547.75,252.25,2,3.14159,0,0
548,252,2,3.14159,0,0
548.25,251.75,2,3.14159,0,0
548.5,251.5,2,3.14159,0,0
548.75,251.25,2,3.14159,0,0
549,251,2,3.14159,0,0
549.25,250.75,2,3.14159,0,0
549.5,250.5,2,3.14159,0,0
549.75,250.25,2,3.14159,0,0
550,250,2,3.14159,0,0
550.25,249.75,2,3.14159,0,0
550.5,249.5,2,3.14159,0,0
550.75,249.25,2,3.14159,0,0
551,249,2,3.14159,0,0
551.25,248.75,2,3.14159,0,0
551.5,248.5,2,3.14159,0,0
551.75,248.25,2,3.14159,0,0
552,248,2,3.14159,0,0
552.25,247.75,2,3.14159,0,0
552.5,247.5,2,3.14159,0,0
552.75,247.25,2,3.14159,0,0
553,247,2,3.14159,0,0
553.25,246.75,2,3.14159,0,0
553.5,246.5,2,3.14159,0,0
553.75,246.25,2,3.14159,0,0
554,246,2,3.14159,0,0
554.25,245.75,2,3.14159,0,0
554.5,245.5,2,3.14159,0,0
554.75,245.25,2,3.14159,0,0
555,245,2,3.14159,0,0
555.25,244.75,2,3.14159,0,0
555.5,244.5,2,3.14159,0,0
555.75,244.25,2,3.14159,0,0
556,244,2,3.14159,0,0
556.25,243.75,2,3.14159,0,0
556.5,243.5,2,3.14159,0,0
556.75,243.25,2,3.14159,0,0
557,243,2,3.14159,0,0
557.25,242.75,2,3.14159,0,0
557.5,242.5,2,3.14159,0,0
557.75,242.25,2,3.14159,0,0
558,242,2,3.14159,0,0
558.25,241.75,2,3.14159,0,0
558.5,241.5,2,3.14159,0,0
558.75,241.25,2,3.14159,0,0
559,241,2,3.14159,0,0
559.25,240.75,2,3.14159,0,0
559.5,240.5,2,3.14159,0,0
559.75,240.25,2,3.14159,0,0
560,240,2,3.14159,0,0
560.25,239.75,2,3.14159,0,0
560.5,239.5,2,3.14159,0,0
560.75,239.25,2,3.14159,0,0
561,239,2,3.14159,0,0
561.25,238.75,2,3.14159,0,0
561.5,238.5,2,3.14159,0,0
561.75,238.25,2,3.14159,0,0
562,238,2,3.14159,0,0
562.25,237.75,2,3.14159,0,0
562.5,237.5,2,3.14159,0,0
562.75,237.25,2,3.14159,0,0
563,237,2,3.14159,0,0
563.25,236.75,2,3.14159,0,0
563.5,236.5,2,3.14159,0,0
563.75,236.25,2,3.14159,0,0
564,236,2,3.14159,0,0
564.25,235.75,2,3.14159,0,0
564.5,235.5,2,3.14159,0,0
564.75,235.25,2,3.14159,0,0
565,235,2,3.14159,0,0
565.25,234.75,2,3.14159,0,0
565.5,234.5,2,3.14159,0,0
565.75,234.25,2,3.14159,0,0
566,234,2,3.14159,0,0
566.25,233.75,2,3.14159,0,0
566.5,233.5,2,3.14159,0,0
566.75,233.25,2,3.14159,0,0
567,233,2,3.14159,0,0
567.25,232.75,2,3.14159,0,0
567.5,232.5,2,3.14159,0,0
567.75,232.25,2,3.14159,0,0
568,232,2,3.14159,0,0
568.25,231.75,2,3.14159,0,0
568.5,231.5,2,3.14159,0,0
568.75,231.25,2,3.14159,0,0
569,231,2,3.14159,0,0
569.25,230.75,2,3.14159,0,0
569.5,230.5,2,3.14159,0,0
569.75,230.25,2,3.14159,0,0
570,230,2,3.14159,0,0
570.25,229.75,2,3.14159,0,0
570.5,229.5,2,3.14159,0,0
570.75,229.25,2,3.14159,0,0
571,229,2,3.14159,0,0
571.25,228.75,2,3.14159,0,0
571.5,228.5,2,3.14159,0,0
571.75,228.25,2,3.14159,0,0
572,228,2,3.14159,0,0
572.25,227.75,2,3.14159,0,0
572.5,227.5,2,3.14159,0,0
572.75,227.25,2,3.14159,0,0
573,227,2,3.14159,0,0
573.25,226.75,2,3.14159,0,0
573.5,226.5,2,3.14159,0,0
573.75,226.25,2,3.14159,0,0
574,226,2,3.14159,0,0
574.25,225.75,2,3.14159,0,0
574.5,225.5,2,3.14159,0,0
574.75,225.25,2,3.14159,0,0
575,225,2,3.14159,0,0
575.25,224.75,2,3.14159,0,0
575.5,224.5,2,3.14159,0,0
575.75,224.25,2,3.14159,0,0
576,224,2,3.14159,0,0
576.25,223.75,2,3.14159,0,0
576.5,223.5,2,3.14159,0,0
576.75,223.25,2,3.14159,0,0
577,223,2,3.14159,0,0
577.25,222.75,2,3.14159,0,0
577.5,222.5,2,3.14159,0,0
577.75,222.25,2,3.14159,0,0
578,222,2,3.14159,0,0
578.25,221.75,2,3.14159,0,0
578.5,221.5,2,3.14159,0,0
578.75,221.25,2,3.14159,0,0
579,221,2,3.14159,0,0
579.25,220.75,2,3.14159,0,0
579.5,220.5,2,3.14159,0,0
579.75,220.25,2,3.14159,0,0
580,220,2,3.14159,0,0
580.25,219.75,2,3.14159,0,0
580.5,219.5,2,3.14159,0,0
580.75,219.25,2,3.14159,0,0
581,219,2,3.14159,0,0
581.25,218.75,2,3.14159,0,0
581.5,218.5,2,3.14159,0,0
581.75,218.25,2,3.14159,0,0
582,218,2,3.14159,0,0
582.25,217.75,2,3.14159,0,0
582.5,217.5,2,3.14159,0,0
582.75,217.25,2,3.14159,0,0
583,217,2,3.14159,0,0
583.25,216.75,2,3.14159,0,0
583.5,216.5,2,3.14159,0,0
583.75,216.25,2,3.14159,0,0
584,216,2,3.14159,0,0
584.25,215.75,2,3.14159,0,0
584.5,215.5,2,3.14159,0,0
584.75,215.25,2,3.14159,0,0
585,215,2,3.14159,0,0
585.25,214.75,2,3.14159,0,0
585.5,214.5,2,3.14159,0,0
585.75,214.25,2,3.14159,0,0
586,214,2,3.14159,0,0
586.25,213.75,2,3.14159,0,0
586.5,213.5,2,3.14159,0,0
586.75,213.25,2,3.14159,0,0
587,213,2,3.14159,0,0
587.25,212.75,2,3.14159,0,0
587.5,212.5,2,3.14159,0,0
587.75,212.25,2,3.14159,0,0
588,212,2,3.14159,0,0
588.25,211.75,2,3.14159,0,0
588.5,211.5,2,3.14159,0,0
588.75,211.25,2,3.14159,0,0
589,211,2,3.14159,0,0
589.25,210.75,2,3.14159,0,0
589.5,210.5,2,3.14159,0,0
589.75,210.25,2,3.14159,0,0
590,210,2,3.14159,0,0
590.25,209.75,2,3.14159,0,0
590.5,209.5,2,3.14159,0,0
590.75,209.25,2,3.14159,0,0
591,209,2,3.14159,0,0
591.25,208.75,2,3.14159,0,0
591.5,208.5,2,3.14159,0,0
591.75,208.25,2,3.14159,0,0
592,208,2,3.14159,0,0
592.25,207.75,2,3.14159,0,0
592.5,207.5,2,3.14159,0,0
592.75,207.25,2,3.14159,0,0
593,207,2,3.14159,0,0
593.25,206.75,2,3.14159,0,0
593.5,206.5,2,3.14159,0,0
593.75,206.25,2,3.14159,0,0
594,206,2,3.14159,0,0
594.25,205.75,2,3.14159,0,0
594.5,205.5,2,3.14159,0,0
594.75,205.25,2,3.14159,0,0
595,205,2,3.14159,0,0
595.25,204.75,2,3.14159,0,0
595.5,204.5,2,3.14159,0,0
595.75,204.25,2,3.14159,0,0
596,204,2,3.14159,0,0
596.25,203.75,2,3.14159,0,0
596.5,203.5,2,3.14159,0,0
596.75,203.25,2,3.14159,0,0
597,203,2,3.14159,0,0
597.25,202.75,2,3.14159,0,0
597.5,202.5,2,3.14159,0,0
597.75,202.25,2,3.14159,0,0
598,202,2,3.14159,0,0
598.25,201.75,2,3.14159,0,0
598.5,201.5,2,3.14159,0,0
598.75,201.25,2,3.14159,0,0
599,201,2,3.14159,0,0
599.25,200.75,2,3.14159,0,0
599.5,200.5,2,3.14159,0,0
599.75,200.25,2,3.14159,0,0
600,200,2,3.14159,0,0
600.25,199.75,2,3.14159,0,0
600.5,199.5,2,3.14159,0,0
600.75,199.25,2,3.14159,0,0
601,199,2,3.14159,0,0
601.25,198.75,2,3.14159,0,0
601.5,198.5,2,3.14159,0,0
601.75,198.25,2,3.14159,0,0
602,198,2,3.14159,0,0
602.25,197.75,2,3.14159,0,0
602.5,197.5,2,3.14159,0,0
602.75,197.25,2,3.14159,0,0
603,197,2,3.14159,0,0
603.25,196.75,2,3.14159,0,0
603.5,196.5,2,3.14159,0,0
603.75,196.25,2,3.14159,0,0
604,196,2,3.14159,0,0
604.25,195.75,2,3.14159,0,0
604.5,195.5,2,3.14159,0,0
604.75,195.25,2,3.14159,0,0
605,195,2,3.14159,0,0
605.25,194.75,2,3.14159,0,0
605.5,194.5,2,3.14159,0,0
605.75,194.25,2,3.14159,0,0
606,194,2,3.14159,0,0
606.25,193.75,2,3.14159,0,0
606.5,193.5,2,3.14159,0,0
606.75,193.25,2,3.14159,0,0
607,193,2,3.14159,0,0
607.25,192.75,2,3.14159,0,0
607.5,192.5,2,3.14159,0,0
607.75,192.25,2,3.14159,0,0
608,192,2,3.14159,0,0
608.25,191.75,2,3.14159,0,0
608.5,191.5,2,3.14159,0,0
608.75,191.25,2,3.14159,0,0
609,191,2,3.14159,0,0
609.25,190.75,2,3.14159,0,0
609.5,190.5,2,3.14159,0,0
609.75,190.25,2,3.14159,0,0
610,190,2,3.14159,0,0
610.25,189.75,2,3.14159,0,0
610.5,189.5,2,3.14159,0,0
610.75,189.25,2,3.14159,0,0
611,189,2,3.14159,0,0
611.25,188.75,2,3.14159,0,0
611.5,188.5,2,3.14159,0,0
611.75,188.25,2,3.14159,0,0
612,188,2,3.14159,0,0
612.25,187.75,2,3.14159,0,0
612.5,187.5,2,3.14159,0,0
612.75,187.25,2,3.14159,0,0
613,187,2,3.14159,0,0
613.25,186.75,2,3.14159,0,0
613.5,186.5,2,3.14159,0,0
613.75,186.25,2,3.14159,0,0
614,186,2,3.14159,0,0
614.25,185.75,2,3.14159,0,0
614.5,185.5,2,3.14159,0,0
614.75,185.25,2,3.14159,0,0
615,185,2,3.14159,0,0
615.25,184.75,2,3.14159,0,0
615.5,184.5,2,3.14159,0,0
615.75,184.25,2,3.14159,0,0
616,184,2,3.14159,0,0
616.25,183.75,2,3.14159,0,0
616.5,183.5,2,3.14159,0,0
616.75,183.25,2,3.14159,0,0
617,183,2,3.14159,0,0
617.25,182.75,2,3.14159,0,0
617.5,182.5,2,3.14159,0,0
617.75,182.25,2,3.14159,0,0
618,182,2,3.14159,0,0
618.25,181.75,2,3.14159,0,0
618.5,181.5,2,3.14159,0,0
618.75,181.25,2,3.14159,0,0
619,181,2,3.14159,0,0
619.25,180.75,2,3.14159,0,0
619.5,180.5,2,3.14159,0,0
619.75,180.25,2,3.14159,0,0
620,180,2,3.14159,0,0
620.25,179.75,2,3.14159,0,0
620.5,179.5,2,3.14159,0,0
620.75,179.25,2,3.14159,0,0
621,179,2,3.14159,0,0
621.25,178.75,2,3.14159,0,0
621.5,178.5,2,3.14159,0,0
621.75,178.25,2,3.14159,0,0
622,178,2,3.14159,0,0
622.25,177.75,2,3.14159,0,0
622.5,177.5,2,3.14159,0,0
622.75,177.25,2,3.14159,0,0
623,177,2,3.14159,0,0
623.25,176.75,2,3.14159,0,0
623.5,176.5,2,3.14159,0,0
623.75,176.25,2,3.14159,0,0
624,176,2,3.14159,0,0
624.25,175.75,2,3.14159,0,0
624.5,175.5,2,3.14159,0,0
624.75,175.25,2,3.14159,0,0
625,175,2,3.14159,0,0
625.25,174.75,2,3.14159,0,0
625.5,174.5,2,3.14159,0,0
625.75,174.25,2,3.14159,0,0
626,174,2,3.14159,0,0
626.25,173.75,2,3.14159,0,0
626.5,173.5,2,3.14159,0,0
626.75,173.25,2,3.14159,0,0
627,173,2,3.14159,0,0
627.25,172.75,2,3.14159,0,0
627.5,172.5,2,3.14159,0,0
627.75,172.25,2,3.14159,0,0
628,172,2,3.14159,0,0
628.25,171.75,2,3.14159,0,0
628.5,171.5,2,3.14159,0,0
628.75,171.25,2,3.14159,0,0
629,171,2,3.14159,0,0
629.25,170.75,2,3.14159,0,0
629.5,170.5,2,3.14159,0,0
629.75,170.25,2,3.14159,0,0
630,170,2,3.14159,0,0
630.25,169.75,2,3.14159,0,0
630.5,169.5,2,3.14159,0,0
630.75,169.25,2,3.14159,0,0
631,169,2,3.14159,0,0
631.25,168.75,2,3.14159,0,0
631.5,168.5,2,3.14159,0,0
631.75,168.25,2,3.14159,0,0
632,168,2,3.14159,0,0
632.25,167.75,2,3.14159,0,0
632.5,167.5,2,3.14159,0,0
632.75,167.25,2,3.14159,0,0
633,167,2,3.14159,0,0
633.25,166.75,2,3.14159,0,0
633.5,166.5,2,3.14159,0,0
633.75,166.25,2,3.14159,0,0
634,166,2,3.14159,0,0
634.25,165.75,2,3.14159,0,0
634.5,165.5,2,3.14159,0,0
634.75,165.25,2,3.14159,0,0
635,165,2,3.14159,0,0
635.25,164.75,2,3.14159,0,0
635.5,164.5,2,3.14159,0,0
635.75,164.25,2,3.14159,0,0
636,164,2,3.14159,0,0
636.25,163.75,2,3.14159,0,0
636.5,163.5,2,3.14159,0,0
636.75,163.25,2,3.14159,0,0
637,163,2,3.14159,0,0
637.25,162.75,2,3.14159,0,0
637.5,162.5,2,3.14159,0,0
637.75,162.25,2,3.14159,0,0
638,162,2,3.14159,0,0
638.25,161.75,2,3.14159,0,0
638.5,161.5,2,3.14159,0,0
638.75,161.25,2,3.14159,0,0
639,161,2,3.14159,0,0
639.25,160.75,2,3.14159,0,0
639.5,160.5,2,3.14159,0,0
639.75,160.25,2,3.14159,0,0
640,160,2,3.14159,0,0
640.25,159.75,2,3.14159,0,0
640.5,159.5,2,3.14159,0,0
640.75,159.25,2,3.14159,0,0
641,159,2,3.14159,0,0
641.25,158.75,2,3.14159,0,0
641.5,158.5,2,3.14159,0,0
641.75,158.25,2,3.14159,0,0
642,158,2,3.14159,0,0
642.25,157.75,2,3.14159,0,0
642.5,157.5,2,3.14159,0,0
642.75,157.25,2,3.14159,0,0
643,157,2,3.14159,0,0
643.25,156.75,2,3.14159,0,0
643.5,156.5,2,3.14159,0,0
643.75,156.25,2,3.14159,0,0
644,156,2,3.14159,0,0
644.25,155.75,2,3.14159,0,0
644.5,155.5,2,3.14159,0,0
644.75,155.25,2,3.14159,0,0
645,155,2,3.14159,0,0
645.25,154.75,2,3.14159,0,0
645.5,154.5,2,3.14159,0,0
645.75,154.25,2,3.14159,0,0
646,154,2,3.14159,0,0
646.25,153.75,2,3.14159,0,0
646.5,153.5,2,3.14159,0,0
646.75,153.25,2,3.14159,0,0
647,153,2,3.14159,0,0
647.25,152.75,2,3.14159,0,0
647.5,152.5,2,3.14159,0,0
647.75,152.25,2,3.14159,0,0
648,152,2,3.14159,0,0
648.25,151.75,2,3.14159,0,0
648.5,151.5,2,3.14159,0,0
648.75,151.25,2,3.14159,0,0
649,151,2,3.14159,0,0
649.25,150.75,2,3.14159,0,0
649.5,150.5,2,3.14159,0,0
649.75,150.25,2,3.14159,0,0
650,150,2,3.14159,0,0
650.25,149.75,2,3.14159,0,0
650.5,149.5,2,3.14159,0,0
650.75,149.25,2,3.14159,0,0
651,149,2,3.14159,0,0
651.25,148.75,2,3.14159,0,0
651.5,148.5,2,3.14159,0,0
651.75,148.25,2,3.14159,0,0
652,148,2,3.14159,0,0
652.25,147.75,2,3.14159,0,0
652.5,147.5,2,3.14159,0,0
652.75,147.25,2,3.14159,0,0
653,147,2,3.14159,0,0
653.25,146.75,2,3.14159,0,0
653.5,146.5,2,3.14159,0,0
653.75,146.25,2,3.14159,0,0
654,146,2,3.14159,0,0
654.25,145.75,2,3.14159,0,0
654.5,145.5,2,3.14159,0,0
654.75,145.25,2,3.14159,0,0
655,145,2,3.14159,0,0
655.25,144.75,2,3.14159,0,0
655.5,144.5,2,3.14159,0,0
655.75,144.25,2,3.14159,0,0
656,144,2,3.14159,0,0
656.25,143.75,2,3.14159,0,0
656.5,143.5,2,3.14159,0,0
656.75,143.25,2,3.14159,0,0
657,143,2,3.14159,0,0
657.25,142.75,2,3.14159,0,0
657.5,142.5,2,3.14159,0,0
657.75,142.25,2,3.14159,0,0
658,142,2,3.14159,0,0
658.25,141.75,2,3.14159,0,0
658.5,141.5,2,3.14159,0,0
658.75,141.25,2,3.14159,0,0
659,141,2,3.14159,0,0
659.25,140.75,2,3.14159,0,0
659.5,140.5,2,3.14159,0,0
659.75,140.25,2,3.14159,0,0
660,140,2,3.14159,0,0
660.25,139.75,2,3.14159,0,0
660.5,139.5,2,3.14159,0,0
660.75,139.25,2,3.14159,0,0
661,139,2,3.14159,0,0
661.25,138.75,2,3.14159,0,0
661.5,138.5,2,3.14159,0,0
661.75,138.25,2,3.14159,0,0
662,138,2,3.14159,0,0
662.25,137.75,2,3.14159,0,0
662.5,137.5,2,3.14159,0,0
662.75,137.25,2,3.14159,0,0
663,137,2,3.14159,0,0
663.25,136.75,2,3.14159,0,0
663.5,136.5,2,3.14159,0,0
663.75,136.25,2,3.14159,0,0
664,136,2,3.14159,0,0
664.25,135.75,2,3.14159,0,0
664.5,135.5,2,3.14159,0,0
664.75,135.25,2,3.14159,0,0
665,135,2,3.14159,0,0
665.25,134.75,2,3.14159,0,0
665.5,134.5,2,3.14159,0,0
665.75,134.25,2,3.14159,0,0
666,134,2,3.14159,0,0
666.25,133.75,2,3.14159,0,0
666.5,133.5,2,3.14159,0,0
666.75,133.25,2,3.14159,0,0
667,133,2,3.14159,0,0
667.25,132.75,2,3.14159,0,0
667.5,132.5,2,3.14159,0,0
667.75,132.25,2,3.14159,0,0
668,132,2,3.14159,0,0
668.25,131.75,2,3.14159,0,0
668.5,131.5,2,3.14159,0,0
668.75,131.25,2,3.14159,0,0
669,131,2,3.14159,0,0
669.25,130.75,2,3.14159,0,0
669.5,130.5,2,3.14159,0,0
669.75,130.25,2,3.14159,0,0
670,130,2,3.14159,0,0
670.25,129.75,2,3.14159,0,0
670.5,129.5,2,3.14159,0,0
670.75,129.25,2,3.14159,0,0
671,129,2,3.14159,0,0
671.25,128.75,2,3.14159,0,0
671.5,128.5,2,3.14159,0,0
671.75,128.25,2,3.14159,0,0
672,128,2,3.14159,0,0
672.25,127.75,2,3.14159,0,0
672.5,127.5,2,3.14159,0,0
672.75,127.25,2,3.14159,0,0
673,127,2,3.14159,0,0
673.25,126.75,2,3.14159,0,0
673.5,126.5,2,3.14159,0,0
673.75,126.25,2,3.14159,0,0
674,126,2,3.14159,0,0
674.25,125.75,2,3.14159,0,0
674.5,125.5,2,3.14159,0,0
674.75,125.25,2,3.14159,0,0
675,125,2,3.14159,0,0
675.25,124.75,2,3.14159,0,0
675.5,124.5,2,3.14159,0,0
675.75,124.25,2,3.14159,0,0
676,124,2,3.14159,0,0
676.25,123.75,2,3.14159,0,0
676.5,123.5,2,3.14159,0,0
676.75,123.25,2,3.14159,0,0
677,123,2,3.14159,0,0
677.25,122.75,2,3.14159,0,0
677.5,122.5,2,3.14159,0,0
677.75,122.25,2,3.14159,0,0
678,122,2,3.14159,0,0
678.25,121.75,2,3.14159,0,0
678.5,121.5,2,3.14159,0,0
678.75,121.25,2,3.14159,0,0
679,121,2,3.14159,0,0
679.25,120.75,2,3.14159,0,0
679.5,120.5,2,3.14159,0,0
679.75,120.25,2,3.14159,0,0
680,120,2,3.14159,0,0
680.25,119.75,2,3.14159,0,0
680.5,119.5,2,3.14159,0,0
680.75,119.25,2,3.14159,0,0
681,119,2,3.14159,0,0
681.25,118.75,2,3.14159,0,0
681.5,118.5,2,3.14159,0,0
681.75,118.25,2,3.14159,0,0
682,118,2,3.14159,0,0
682.25,117.75,2,3.14159,0,0
682.5,117.5,2,3.14159,0,0
682.75,117.25,2,3.14159,0,0
683,117,2,3.14159,0,0
683.25,116.75,2,3.14159,0,0
683.5,116.5,2,3.14159,0,0
683.75,116.25,2,3.14159,0,0
684,116,2,3.14159,0,0
684.25,115.75,2,3.14159,0,0
684.5,115.5,2,3.14159,0,0
684.75,115.25,2,3.14159,0,0
685,115,2,3.14159,0,0
685.25,114.75,2,3.14159,0,0
685.5,114.5,2,3.14159,0,0
685.75,114.25,2,3.14159,0,0
686,114,2,3.14159,0,0
686.25,113.75,2,3.14159,0,0
686.5,113.5,2,3.14159,0,0
686.75,113.25,2,3.14159,0,0
687,113,2,3.14159,0,0
687.25,112.75,2,3.14159,0,0
687.5,112.5,2,3.14159,0,0
687.75,112.25,2,3.14159,0,0
688,112,2,3.14159,0,0
688.25,111.75,2,3.14159,0,0
688.5,111.5,2,3.14159,0,0
688.75,111.25,2,3.14159,0,0
689,111,2,3.14159,0,0
689.25,110.75,2,3.14159,0,0
689.5,110.5,2,3.14159,0,0
689.75,110.25,2,3.14159,0,0
690,110,2,3.14159,0,0
690.25,109.75,2,3.14159,0,0
690.5,109.5,2,3.14159,0,0
690.75,109.25,2,3.14159,0,0
691,109,2,3.14159,0,0
691.25,108.75,2,3.14159,0,0
691.5,108.5,2,3.14159,0,0
691.75,108.25,2,3.14159,0,0
692,108,2,3.14159,0,0
692.25,107.75,2,3.14159,0,0
692.5,107.5,2,3.14159,0,0
692.75,107.25,2,3.14159,0,0
693,107,2,3.14159,0,0
693.25,106.75,2,3.14159,0,0
693.5,106.5,2,3.14159,0,0
693.75,106.25,2,3.14159,0,0
694,106,2,3.14159,0,0
694.25,105.75,2,3.14159,0,0
694.5,105.5,2,3.14159,0,0
694.75,105.25,2,3.14159,0,0
695,105,2,3.14159,0,0
695.25,104.75,2,3.14159,0,0
695.5,104.5,2,3.14159,0,0
695.75,104.25,2,3.14159,0,0
696,104,2,3.14159,0,0
696.25,103.75,2,3.14159,0,0
696.5,103.5,2,3.14159,0,0
696.75,103.25,2,3.14159,0,0
697,103,2,3.14159,0,0
697.25,102.75,2,3.14159,0,0
697.5,102.5,2,3.14159,0,0
697.75,102.25,2,3.14159,0,0
698,102,2,3.14159,0,0
698.25,101.75,2,3.14159,0,0
698.5,101.5,2,3.14159,0,0
698.75,101.25,2,3.14159,0,0
699,101,2,3.14159,0,0
699.25,100.75,2,3.14159,0,0
699.5,100.5,2,3.14159,0,0
699.75,100.25,2,3.14159,0,0
700,100,2,3.14159,0,0
700.25,99.75,2,3.14159,0,0
700.5,99.5,2,3.14159,0,0
700.75,99.25,2,3.14159,0,0
701,99,2,3.14159,0,0
701.25,98.75,2,3.14159,0,0
701.5,98.5,2,3.14159,0,0
701.75,98.25,2,3.14159,0,0
702,98,2,3.14159,0,0
702.25,97.75,2,3.14159,0,0
702.5,97.5,2,3.14159,0,0
702.75,97.25,2,3.14159,0,0
703,97,2,3.14159,0,0
703.25,96.75,2,3.14159,0,0
703.5,96.5,2,3.14159,0,0
703.75,96.25,2,3.14159,0,0
704,96,2,3.14159,0,0
704.25,95.75,2,3.14159,0,0
704.5,95.5,2,3.14159,0,0
704.75,95.25,2,3.14159,0,0
705,95,2,3.14159,0,0
705.25,94.75,2,3.14159,0,0
705.5,94.5,2,3.14159,0,0
705.75,94.25,2,3.14159,0,0
706,94,2,3.14159,0,0
706.25,93.75,2,3.14159,0,0
706.5,93.5,2,3.14159,0,0
706.75,93.25,2,3.14159,0,0
707,93,2,3.14159,0,0
707.25,92.75,2,3.14159,0,0
707.5,92.5,2,3.14159,0,0
707.75,92.25,2,3.14159,0,0
708,92,2,3.14159,0,0
708.25,91.75,2,3.14159,0,0
708.5,91.5,2,3.14159,0,0
708.75,91.25,2,3.14159,0,0
709,91,2,3.14159,0,0
709.25,90.75,2,3.14159,0,0
709.5,90.5,2,3.14159,0,0
709.75,90.25,2,3.14159,0,0
710,90,2,3.14159,0,0
710.25,89.75,2,3.14159,0,0
710.5,89.5,2,3.14159,0,0
710.75,89.25,2,3.14159,0,0
711,89,2,3.14159,0,0
711.25,88.75,2,3.14159,0,0
711.5,88.5,2,3.14159,0,0
711.75,88.25,2,3.14159,0,0
712,88,2,3.14159,0,0
712.25,87.75,2,3.14159,0,0
712.5,87.5,2,3.14159,0,0
712.75,87.25,2,3.14159,0,0
713,87,2,3.14159,0,0
713.25,86.75,2,3.14159,0,0
713.5,86.5,2,3.14159,0,0
713.75,86.25,2,3.14159,0,0
714,86,2,3.14159,0,0
714.25,85.75,2,3.14159,0,0
714.5,85.5,2,3.14159,0,0
714.75,85.25,2,3.14159,0,0
715,85,2,3.14159,0,0
715.25,84.75,2,3.14159,0,0
715.5,84.5,2,3.14159,0,0
715.75,84.25,2,3.14159,0,0
716,84,2,3.14159,0,0
716.25,83.75,2,3.14159,0,0
716.5,83.5,2,3.14159,0,0
716.75,83.25,2,3.14159,0,0
717,83,2,3.14159,0,0
717.25,82.75,2,3.14159,0,0
717.5,82.5,2,3.14159,0,0
717.75,82.25,2,3.14159,0,0
718,82,2,3.14159,0,0
718.25,81.75,2,3.14159,0,0
718.5,81.5,2,3.14159,0,0
718.75,81.25,2,3.14159,0,0
719,81,2,3.14159,0,0
719.25,80.75,2,3.14159,0,0
719.5,80.5,2,3.14159,0,0
719.75,80.25,2,3.14159,0,0
720,80,2,3.14159,0,0
720.25,79.75,2,3.14159,0,0
720.5,79.5,2,3.14159,0,0
720.75,79.25,2,3.14159,0,0
721,79,2,3.14159,0,0
721.25,78.75,2,3.14159,0,0
721.5,78.5,2,3.14159,0,0
721.75,78.25,2,3.14159,0,0
722,78,2,3.14159,0,0
722.25,77.75,2,3.14159,0,0
722.5,77.5,2,3.14159,0,0
722.75,77.25,2,3.14159,0,0
723,77,2,3.14159,0,0
723.25,76.75,2,3.14159,0,0
723.5,76.5,2,3.14159,0,0
723.75,76.25,2,3.14159,0,0
724,76,2,3.14159,0,0
724.25,75.75,2,3.14159,0,0
724.5,75.5,2,3.14159,0,0
724.75,75.25,2,3.14159,0,0
725,75,2,3.14159,0,0
725.25,74.75,2,3.14159,0,0
725.5,74.5,2,3.14159,0,0
725.75,74.25,2,3.14159,0,0
726,74,2,3.14159,0,0
726.25,73.75,2,3.14159,0,0
726.5,73.5,2,3.14159,0,0
726.75,73.25,2,3.14159,0,0
727,73,2,3.14159,0,0
727.25,72.75,2,3.14159,0,0
727.5,72.5,2,3.14159,0,0
727.75,72.25,2,3.14159,0,0
728,72,2,3.14159,0,0
728.25,71.75,2,3.14159,0,0
728.5,71.5,2,3.14159,0,0
728.75,71.25,2,3.14159,0,0
729,71,2,3.14159,0,0
729.25,70.75,2,3.14159,0,0
729.5,70.5,2,3.14159,0,0
729.75,70.25,2,3.14159,0,0
730,70,2,3.14159,0,0
730.25,69.75,2,3.14159,0,0
730.5,69.5,2,3.14159,0,0
730.75,69.25,2,3.14159,0,0
731,69,2,3.14159,0,0
731.25,68.75,2,3.14159,0,0
731.5,68.5,2,3.14159,0,0
731.75,68.25,2,3.14159,0,0
732,68,2,3.14159,0,0
732.25,67.75,2,3.14159,0,0
732.5,67.5,2,3.14159,0,0
732.75,67.25,2,3.14159,0,0
733,67,2,3.14159,0,0
733.25,66.75,2,3.14159,0,0
733.5,66.5,2,3.14159,0,0
733.75,66.25,2,3.14159,0,0
734,66,2,3.14159,0,0
734.25,65.75,2,3.14159,0,0
734.5,65.5,2,3.14159,0,0
734.75,65.25,2,3.14159,0,0
735,65,2,3.14159,0,0
735.25,64.75,2,3.14159,0,0
735.5,64.5,2,3.14159,0,0
735.75,64.25,2,3.14159,0,0
736,64,2,3.14159,0,0
736.25,63.75,2,3.14159,0,0
736.5,63.5,2,3.14159,0,0
736.75,63.25,2,3.14159,0,0
737,63,2,3.14159,0,0
737.25,62.75,2,3.14159,0,0
737.5,62.5,2,3.14159,0,0
737.75,62.25,2,3.14159,0,0
738,62,2,3.14159,0,0
738.25,61.75,2,3.14159,0,0
738.5,61.5,2,3.14159,0,0
738.75,61.25,2,3.14159,0,0
739,61,2,3.14159,0,0
739.25,60.75,2,3.14159,0,0
739.5,60.5,2,3.14159,0,0
739.75,60.25,2,3.14159,0,0
740,60,2,3.14159,0,0
740.25,59.75,2,3.14159,0,0
740.5,59.5,2,3.14159,0,0
740.75,59.25,2,3.14159,0,0
741,59,2,3.14159,0,0
741.25,58.75,2,3.14159,0,0
741.5,58.5,2,3.14159,0,0
741.75,58.25,2,3.14159,0,0
742,58,2,3.14159,0,0
742.25,57.75,2,3.14159,0,0
742.5,57.5,2,3.14159,0,0
742.75,57.25,2,3.14159,0,0
743,57,2,3.14159,0,0
743.25,56.75,2,3.14159,0,0
743.5,56.5,2,3.14159,0,0
743.75,56.25,2,3.14159,0,0
744,56,2,3.14159,0,0
744.25,55.75,2,3.14159,0,0
744.5,55.5,2,3.14159,0,0
744.75,55.25,2,3.14159,0,0
745,55,2,3.14159,0,0
745.25,54.75,2,3.14159,0,0
745.5,54.5,2,3.14159,0,0
745.75,54.25,2,3.14159,0,0
746,54,2,3.14159,0,0
746.25,53.75,2,3.14159,0,0
746.5,53.5,2,3.14159,0,0
746.75,53.25,2,3.14159,0,0
747,53,2,3.14159,0,0
747.25,52.75,2,3.14159,0,0
747.5,52.5,2,3.14159,0,0
747.75,52.25,2,3.14159,0,0
748,52,2,3.14159,0,0
748.25,51.75,2,3.14159,0,0
748.5,51.5,2,3.14159,0,0
748.75,51.25,2,3.14159,0,0
749,51,2,3.14159,0,0
749.25,50.75,2,3.14159,0,0
749.5,50.5,2,3.14159,0,0
749.75,50.25,2,3.14159,0,0
750,50,2,3.14159,0,0
750.25,49.75,2,3.14159,0,0
750.5,49.5,2,3.14159,0,0
750.75,49.25,2,3.14159,0,0
751,49,2,3.14159,0,0
751.25,48.75,2,3.14159,0,0
751.5,48.5,2,3.14159,0,0
751.75,48.25,2,3.14159,0,0
752,48,2,3.14159,0,0
752.25,47.75,2,3.14159,0,0
752.5,47.5,2,3.14159,0,0
752.75,47.25,2,3.14159,0,0
753,47,2,3.14159,0,0
753.25,46.75,2,3.14159,0,0
753.5,46.5,2,3.14159,0,0
753.75,46.25,2,3.14159,0,0
754,46,2,3.14159,0,0
754.25,45.75,2,3.14159,0,0
754.5,45.5,2,3.14159,0,0
754.75,45.25,2,3.14159,0,0
755,45,2,3.14159,0,0
755.25,44.75,2,3.14159,0,0
755.5,44.5,2,3.14159,0,0
755.75,44.25,2,3.14159,0,0
756,44,2,3.14159,0,0
756.25,43.75,2,3.14159,0,0
756.5,43.5,2,3.14159,0,0
756.75,43.25,2,3.14159,0,0
757,43,2,3.14159,0,0
757.25,42.75,2,3.14159,0,0
757.5,42.5,2,3.14159,0,0
757.75,42.25,2,3.14159,0,0
758,42,2,3.14159,0,0
758.25,41.75,2,3.14159,0,0
758.5,41.5,2,3.14159,0,0
758.75,41.25,2,3.14159,0,0
759,41,2,3.14159,0,0
759.25,40.75,2,3.14159,0,0
759.5,40.5,2,3.14159,0,0
759.75,40.25,2,3.14159,0,0
760,40,2,3.14159,0,0
760.25,39.75,2,3.14159,0,0
760.5,39.5,2,3.14159,0,0
760.75,39.25,2,3.14159,0,0
761,39,2,3.14159,0,0
761.25,38.75,2,3.14159,0,0
761.5,38.5,2,3.14159,0,0
761.75,38.25,2,3.14159,0,0
762,38,2,3.14159,0,0
762.25,37.75,2,3.14159,0,0
762.5,37.5,2,3.14159,0,0
762.75,37.25,2,3.14159,0,0
763,37,2,3.14159,0,0
763.25,36.75,2,3.14159,0,0
763.5,36.5,2,3.14159,0,0
763.75,36.25,2,3.14159,0,0
764,36,2,3.14159,0,0
764.25,35.75,2,3.14159,0,0
764.5,35.5,2,3.14159,0,0
764.75,35.25,2,3.14159,0,0
765,35,2,3.14159,0,0
765.25,34.75,2,3.14159,0,0
765.5,34.5,2,3.14159,0,0
765.75,34.25,2,3.14159,0,0
766,34,2,3.14159,0,0
766.25,33.75,2,3.14159,0,0
766.5,33.5,2,3.14159,0,0
766.75,33.25,2,3.14159,0,0
767,33,2,3.14159,0,0
767.25,32.75,2,3.14159,0,0
767.5,32.5,2,3.14159,0,0
767.75,32.25,2,3.14159,0,0
768,32,2,3.14159,0,0
768.25,31.75,2,3.14159,0,0
768.5,31.5,2,3.14159,0,0
768.75,31.25,2,3.14159,0,0
769,31,2,3.14159,0,0
769.25,30.75,2,3.14159,0,0
769.5,30.5,2,3.14159,0,0
769.75,30.25,2,3.14159,0,0
770,30,2,3.14159,0,0
770.25,29.75,2,3.14159,0,0
770.5,29.5,2,3.14159,0,0
770.75,29.25,2,3.14159,0,0
771,29,2,3.14159,0,0
771.25,28.75,2,3.14159,0,0
771.5,28.5,2,3.14159,0,0
771.75,28.25,2,3.14159,0,0
772,28,2,3.14159,0,0
772.25,27.75,2,3.14159,0,0
772.5,27.5,2,3.14159,0,0
772.75,27.25,2,3.14159,0,0
773,27,2,3.14159,0,0
773.25,26.75,2,3.14159,0,0
773.5,26.5,2,3.14159,0,0
773.75,26.25,2,3.14159,0,0
774,26,2,3.14159,0,0
774.25,25.75,2,3.14159,0,0
774.5,25.5,2,3.14159,0,0
774.75,25.25,2,3.14159,0,0
775,25,2,3.14159,0,0
775.25,24.75,2,3.14159,0,0
775.5,24.5,2,3.14159,0,0
775.75,24.25,2,3.14159,0,0
776,24,2,3.14159,0,0
776.25,23.75,2,3.14159,0,0
776.5,23.5,2,3.14159,0,0
776.75,23.25,2,3.14159,0,0
777,23,2,3.14159,0,0
777.25,22.75,2,3.14159,0,0
777.5,22.5,2,3.14159,0,0
777.75,22.25,2,3.14159,0,0
778,22,2,3.14159,0,0
778.25,21.75,2,3.14159,0,0
778.5,21.5,2,3.14159,0,0
778.75,21.25,2,3.14159,0,0
779,21,2,3.14159,0,0
779.25,20.75,2,3.14159,0,0
779.5,20.5,2,3.14159,0,0
779.75,20.25,2,3.14159,0,0
780,20,2,3.14159,0,0
780.25,19.75,2,3.14159,0,0
780.5,19.5,2,3.14159,0,0
780.75,19.25,2,3.14159,0,0
781,19,2,3.14159,0,0
781.25,18.75,2,3.14159,0,0
781.5,18.5,2,3.14159,0,0
781.75,18.25,2,3.14159,0,0
782,18,2,3.14159,0,0
782.25,17.75,2,3.14159,0,0
782.5,17.5,2,3.14159,0,0
782.75,17.25,2,3.14159,0,0
783,17,2,3.14159,0,0
783.25,16.75,2,3.14159,0,0
783.5,16.5,2,3.14159,0,0
783.75,16.25,2,3.14159,0,0
784,16,2,3.14159,0,0
784.25,15.75,2,3.14159,0,0
784.5,15.5,2,3.14159,0,0
784.75,15.25,2,3.14159,0,0
785,15,2,3.14159,0,0
785.25,14.75,2,3.14159,0,0
785.5,14.5,2,3.14159,0,0
785.75,14.25,2,3.14159,0,0
786,14,2,3.14159,0,0
786.25,13.75,2,3.14159,0,0
786.5,13.5,2,3.14159,0,0
786.75,13.25,2,3.14159,0,0
787,13,2,3.14159,0,0
787.25,12.75,2,3.14159,0,0
787.5,12.5,2,3.14159,0,0
787.75,12.25,2,3.14159,0,0
788,12,2,3.14159,0,0
788.25,11.75,2,3.14159,0,0
788.5,11.5,2,3.14159,0,0
788.75,11.25,2,3.14159,0,0
789,11,2,3.14159,0,0
789.25,10.75,2,3.14159,0,0
789.5,10.5,2,3.14159,0,0
789.75,10.25,2,3.14159,0,0
790,10,2,3.14159,0,0
790.25,9.75,2,3.14159,0,0
790.5,9.5,2,3.14159,0,0
790.75,9.25,2,3.14159,0,0
791,9,2,3.14159,0,0
791.25,8.75,2,3.14159,0,0
791.5,8.5,2,3.14159,0,0
791.75,8.25,2,3.14159,0,0
792,8,2,3.14159,0,0
792.25,7.75,2,3.14159,0,0
792.5,7.5,2,3.14159,0,0
792.75,7.25,2,3.14159,0,0
793,7,2,3.14159,0,0
793.25,6.75,2,3.14159,0,0
793.5,6.5,2,3.14159,0,0
793.75,6.25,2,3.14159,0,0
794,6,2,3.14159,0,0
794.25,5.75,2,3.14159,0,0
794.5,5.5,2,3.14159,0,0
794.75,5.25,2,3.14159,0,0
795,5,2,3.14159,0,0
795.25,4.75,2,3.14159,0,0
795.5,4.5,2,3.14159,0,0
795.75,4.25,2,3.14159,0,0
796,4,2,3.14159,0,0
796.25,3.75,2,3.14159,0,0
796.5,3.5,2,3.14159,0,0
796.75,3.25,2,3.14159,0,0
797,3,2,3.14159,0,1.73205
797.25,2.75,2,3.14159,0,2.44949
797.5,2.5,2,3.14159,0,3
797.75,2.25,2,3.14159,0,3.4641
798,2,2,3.14159,0,3.87298
798.25,1.75,2,3.14159,0,4.24264
798.5,1.5,2,3.14159,0,4.58258
798.75,1.25,2,3.14159,0,4.89898
799,1,2,3.14159,0,5.19615
799.25,0.75,2,3.14159,0,5.47723
799.5,0.5,2,3.14159,0,5.74456
799.75,0.25,2,3.14159,0,6
